WITH X Position from IMU Setpoint (in cm),WITH Velocity Estimate from Encoder (in rad/s),WITHOUT X Position from IMU Setpoint (in cm),WITHOUT Velocity Estimate from Encoder (in rad/s),Time ,,,,,,,,,,
0.0625,-0.02,6.6875,0.02,0.0001041667,,,,,,,,,,
0.125,0.02,7.125,0.01,0.0002083333,,,,,,,,,,
0.1875,0.01,7.625,-0.02,0.0003125000,,,,,,,,,,
0.1875,-0.01,8.125,0,0.0004166667,,,,,,,,,,
0.25,-0.02,8.625,0,0.0005208333,,,,,,,,,,
0.25,-0.03,9.125,0,0.0006250000,,,,,,,,,,
0.25,0.04,9.625,0,0.0007291667,,,,,,,,,,
0.1875,-0.03,10.0625,0.04,0.0008333333,,,,,,,,,,
0.1875,-0.01,10.5625,0,0.0009375000,,,,,,,,,,
0.125,0.01,11.0625,-0.04,0.0010416667,,,,,,,,,,
0.0625,0.02,11.5,0.02,0.0011458333,,,,,,,,,,
0.0625,0.02,12,0.02,0.0012500000,,,,,,,,,,
0.0625,0.05,12.4375,0.02,0.0013541667,,,,,,,,,,
0.0625,-0.04,12.875,0.03,0.0014583333,,,,,,,,,,
0.0625,-0.01,13.3125,-0.02,0.0015625000,,,,,,,,,,
0.125,-0.01,13.75,0.04,0.0016666667,,,,,,,,,,
0.125,-0.03,14.1875,0.01,0.0017708333,,,,,,,,,,
0.1875,0.02,14.625,-0.01,0.0018750000,,,,,,,,,,
0.1875,-0.02,15,0.02,0.0019791667,,,,,,,,,,
0.25,0.04,15.4375,0.01,0.0020833333,,,,,,,,,,
0.25,0.04,15.875,0.01,0.0021875000,,,,,,,,,,
0.25,0,16.25,-0.01,0.0022916667,,,,,,,,,,
0.25,0,16.625,0,0.0023958333,,,,,,,,,,
0.1875,-0.02,17.0625,0.04,0.0025000000,,,,,,,,,,
0.1875,0.03,17.375,-0.06,0.0026041667,,,,,,,,,,
0.125,-0.01,17.75,-0.03,0.0027083333,,,,,,,,,,
0.125,0.01,18.0625,0.02,0.0028125000,,,,,,,,,,
0.0625,0,18.375,0,0.0029166667,,,,,,,,,,
0.0625,-0.01,18.6875,0.03,0.0030208333,,,,,,,,,,
0.0625,0.03,19,0.01,0.0031250000,,,,,,,,,,
0.125,0,19.3125,0.05,0.0032291667,,,,,,,,,,
0.125,0.03,19.625,0,0.0033333333,,,,,,,,,,
0.1875,0.06,19.9375,-0.03,0.0034375000,,,,,,,,,,
0.1875,-0.01,20.1875,0.03,0.0035416667,,,,,,,,,,
0.25,0.01,20.4375,-0.04,0.0036458333,,,,,,,,,,
0.25,-0.04,20.6875,-0.03,0.0037500000,,,,,,,,,,
0.25,0,20.9375,-0.03,0.0038541667,,,,,,,,,,
0.25,-0.01,21.1875,0.05,0.0039583333,,,,,,,,,,
0.25,0.03,21.375,-0.03,0.0040625000,,,,,,,,,,
0.25,-0.01,21.5625,0.04,0.0041666667,,,,,,,,,,
0.1875,0,21.75,0.02,0.0042708333,,,,,,,,,,
0.1875,-0.02,21.9375,-0.06,0.0043750000,,,,,,,,,,
0.125,0.03,22.125,0.01,0.0044791667,,,,,,,,,,
0.125,0.03,22.25,0.04,0.0045833333,,,,,,,,,,
0.125,-0.05,22.375,-0.02,0.0046875000,,,,,,,,,,
0.125,0.01,22.5,-0.02,0.0047916667,,,,,,,,,,
0.125,-0.03,22.5625,0.03,0.0048958333,,,,,,,,,,
0.1875,-0.01,22.6875,-0.01,0.0050000000,,,,,,,,,,
0.1875,0.05,22.75,-0.04,0.0051041667,,,,,,,,,,
0.25,0.02,22.8125,-0.01,0.0052083333,,,,,,,,,,
0.25,0.01,22.9375,0.01,0.0053125000,,,,,,,,,,
0.25,0.02,23,0.02,0.0054166667,,,,,,,,,,
0.25,0.02,23.0625,0.04,0.0055208333,,,,,,,,,,
0.25,-0.04,23.0625,-0.03,0.0056250000,,,,,,,,,,
0.25,0,23.125,0.04,0.0057291667,,,,,,,,,,
0.1875,-0.03,23.1875,0.02,0.0058333333,,,,,,,,,,
0.1875,-0.04,23.25,-0.03,0.0059375000,,,,,,,,,,
0.125,0.02,23.3125,0.03,0.0060416667,,,,,,,,,,
0.125,0,23.3125,-0.01,0.0061458333,,,,,,,,,,
0.0625,-0.03,23.375,0.02,0.0062500000,,,,,,,,,,
0.0625,0,23.4375,0,0.0063541667,,,,,,,,,,
0.125,0.01,23.5,0.01,0.0064583333,,,,,,,,,,
0.125,0.02,23.5625,-0.01,0.0065625000,,,,,,,,,,
0.125,-0.01,23.625,0,0.0066666667,,,,,,,,,,
0.1875,0.03,23.625,0,0.0067708333,,,,,,,,,,
0.1875,-0.04,23.6875,-0.02,0.0068750000,,,,,,,,,,
0.25,0.02,23.75,0.02,0.0069791667,,,,,,,,,,
0.25,0,23.8125,0,0.0070833333,,,,,,,,,,
0.25,-0.03,23.8125,-0.01,0.0071875000,,,,,,,,,,
0.25,-0.01,23.875,-0.03,0.0072916667,,,,,,,,,,
0.25,-0.03,23.9375,0.03,0.0073958333,,,,,,,,,,
0.25,-0.01,24,-0.03,0.0075000000,,,,,,,,,,
0.25,-0.02,24.0625,0.01,0.0076041667,,,,,,,,,,
0.25,-0.02,24.125,0.03,0.0077083333,,,,,,,,,,
0.25,0.05,24.125,0.03,0.0078125000,,,,,,,,,,
0.375,0.01,24.125,0.04,0.0079166667,,,,,,,,,,
0.4375,-0.01,24.125,0,0.0080208333,,,,,,,,,,
0.5625,0,24.0625,-0.05,0.0081250000,,,,,,,,,,
0.6875,0.03,24.0625,0,0.0082291667,,,,,,,,,,
0.8125,0.04,24,0,0.0083333333,,,,,,,,,,
1,0.02,23.875,0.01,0.0084375000,,,,,,,,,,
1.125,-0.02,23.75,-0.02,0.0085416667,,,,,,,,,,
1.3125,0.02,23.5625,0,0.0086458333,,,,,,,,,,
1.4375,0.03,23.4375,-0.02,0.0087500000,,,,,,,,,,
1.5625,0.14,23.3125,0.01,0.0088541667,,,,,,,,,,
1.75,0.07,23.0625,0.03,0.0089583333,,,,,,,,,,
1.875,0.32,22.875,0.01,0.0090625000,,,,,,,,,,
2.0625,0.5,22.625,-0.01,0.0091666667,,,,,,,,,,
2.25,0.81,22.375,0.01,0.0092708333,,,,,,,,,,
2.4375,1.13,22,0.03,0.0093750000,,,,,,,,,,
2.625,1.55,21.5625,0.04,0.0094791667,,,,,,,,,,
2.875,2.22,21.0625,-0.05,0.0095833333,,,,,,,,,,
3.125,3.12,20.5,-0.01,0.0096875000,,,,,,,,,,
3.375,4.27,19.75,-0.02,0.0097916667,,,,,,,,,,
3.5625,5.9,18.875,-0.03,0.0098958333,,,,,,,,,,
3.625,7.63,17.9375,-0.04,0.0100000000,,,,,,,,,,
3.75,8.76,16.9375,0,0.0101041667,,,,,,,,,,
4.0625,9.39,15.9375,0.08,0.0102083333,,,,,,,,,,
4.5625,9.69,15,-0.02,0.0103125000,,,,,,,,,,
5,9.92,14,-0.01,0.0104166667,,,,,,,,,,
5,10.15,12.9375,0.02,0.0105208333,,,,,,,,,,
5.8125,10.36,11.9375,0.02,0.0106250000,,,,,,,,,,
6.25,10.29,10.875,0.05,0.0107291667,,,,,,,,,,
6.25,10.16,9.8125,0.05,0.0108333333,,,,,,,,,,
7.0625,10.17,8.6875,0,0.0109375000,,,,,,,,,,
7.4375,10.41,7.5625,0.06,0.0110416667,,,,,,,,,,
7.8125,10.46,6.3125,-0.04,0.0111458333,,,,,,,,,,
8.1875,10.19,4.875,-0.05,0.0112500000,,,,,,,,,,
8.1875,10.03,4.875,-0.02,0.0113541667,,,,,,,,,,
8.5625,10.07,1.6875,-0.01,0.0114583333,,,,,,,,,,
8.9375,10.28,0,-0.06,0.0115625000,,,,,,,,,,
9.5625,10.39,-1.625,0.03,0.0116666667,,,,,,,,,,
9.5625,10.26,-3.125,0.02,0.0117708333,,,,,,,,,,
10.25,10.15,-3.125,0,0.0118750000,,,,,,,,,,
10.625,10.17,-5.625,-0.05,0.0119791667,,,,,,,,,,
10.9375,10.33,-6.75,-0.03,0.0120833333,,,,,,,,,,
11.25,10.4,-7.75,-0.02,0.0121875000,,,,,,,,,,
11.25,10.12,-7.75,0.05,0.0122916667,,,,,,,,,,
11.625,9.9,-9.5625,0,0.0123958333,,,,,,,,,,
11.9375,10.07,-10.4375,-0.02,0.0125000000,,,,,,,,,,
12.3125,10.15,-11.375,0.01,0.0126041667,,,,,,,,,,
12.875,10.3,-12.4375,-0.02,0.0127083333,,,,,,,,,,
12.875,10.23,-12.4375,0.02,0.0128125000,,,,,,,,,,
13.5625,10.09,-14.5625,-0.05,0.0129166667,,,,,,,,,,
13.9375,10.15,-15.5625,0,0.0130208333,,,,,,,,,,
14.25,10.34,-15.5625,0.01,0.0131250000,,,,,,,,,,
14.25,10.04,-17.3125,0.06,0.0132291667,,,,,,,,,,
14.875,8.85,-17.3125,-0.02,0.0133333333,,,,,,,,,,
14.875,8.07,-17.9375,-0.01,0.0134375000,,,,,,,,,,
15.1875,7.02,-18.75,0.02,0.0135416667,,,,,,,,,,
15.5,6,-18.75,-0.02,0.0136458333,,,,,,,,,,
15.75,5.28,-18.9375,0.02,0.0137500000,,,,,,,,,,
16,4.3,-18.9375,0.01,0.0138541667,,,,,,,,,,
16.25,3.62,-18.875,-0.01,0.0139583333,,,,,,,,,,
16.5,2.91,-18.625,0,0.0140625000,,,,,,,,,,
17,2.34,-18.625,0.01,0.0141666667,,,,,,,,,,
17,1.83,-18.5,-0.02,0.0142708333,,,,,,,,,,
17.3125,1.5,-18.1875,0,0.0143750000,,,,,,,,,,
17.5625,1.24,-18.1875,0,0.0144791667,,,,,,,,,,
17.8125,0.99,-17.75,-0.07,0.0145833333,,,,,,,,,,
18,0.68,-17.75,0.01,0.0146875000,,,,,,,,,,
18.1875,0.77,-17.375,0,0.0147916667,,,,,,,,,,
18.4375,0.58,-16.9375,0,0.0148958333,,,,,,,,,,
18.625,0.4,-16.3125,-0.01,0.0150000000,,,,,,,,,,
19,0.44,-15.5,0,0.0151041667,,,,,,,,,,
19,0.16,-14.5625,-0.01,0.0152083333,,,,,,,,,,
19.25,0.19,-13.5625,0.04,0.0153125000,,,,,,,,,,
19.4375,0.25,-12.4375,0.03,0.0154166667,,,,,,,,,,
19.75,0.25,-11.25,-0.04,0.0155208333,,,,,,,,,,
19.875,0.25,-10.0625,-0.02,0.0156250000,,,,,,,,,,
20.125,0.23,-8.875,0.02,0.0157291667,,,,,,,,,,
20.3125,0.16,-7.8125,0.02,0.0158333333,,,,,,,,,,
20.5,0.17,-6.6875,-0.01,0.0159375000,,,,,,,,,,
20.6875,0.11,-5.6875,0.05,0.0160416667,,,,,,,,,,
20.8125,0.01,-4.625,-0.02,0.0161458333,,,,,,,,,,
21,0,-3.625,-0.05,0.0162500000,,,,,,,,,,
21.0625,0.01,-2.625,0.01,0.0163541667,,,,,,,,,,
21.1875,0.02,-1.5625,0.07,0.0164583333,,,,,,,,,,
21.25,0,-0.375,0,0.0165625000,,,,,,,,,,
21.3125,0.03,1,0.01,0.0166666667,,,,,,,,,,
21.375,0.01,2.4375,0,0.0167708333,,,,,,,,,,
21.4375,-0.01,3.8125,-0.03,0.0168750000,,,,,,,,,,
21.5,0.01,5.3125,-0.05,0.0169791667,,,,,,,,,,
21.5,0,6.8125,0,0.0170833333,,,,,,,,,,
21.5625,-0.05,8.1875,-0.04,0.0171875000,,,,,,,,,,
21.5625,-0.02,9.5625,0.01,0.0172916667,,,,,,,,,,
21.5625,0,10.6875,0.01,0.0173958333,,,,,,,,,,
21.5625,0.02,11.625,-0.01,0.0175000000,,,,,,,,,,
21.5625,0.01,12.4375,-0.06,0.0176041667,,,,,,,,,,
21.5,0.02,13.25,0,0.0177083333,,,,,,,,,,
21.4375,0.01,13.9375,0.01,0.0178125000,,,,,,,,,,
21.3125,-0.07,14.5625,-0.02,0.0179166667,,,,,,,,,,
21.25,0,15.125,0,0.0180208333,,,,,,,,,,
21.125,-0.02,15.625,-0.04,0.0181250000,,,,,,,,,,
21,0.01,16.125,0.02,0.0182291667,,,,,,,,,,
20.8125,0.01,16.6875,0.02,0.0183333333,,,,,,,,,,
20.625,0,17.1875,0,0.0184375000,,,,,,,,,,
20.5,0.01,17.625,0,0.0185416667,,,,,,,,,,
20.3125,0.03,18,0.01,0.0186458333,,,,,,,,,,
20.125,0.02,18.25,-0.02,0.0187500000,,,,,,,,,,
19.9375,0.01,18.3125,0,0.0188541667,,,,,,,,,,
19.6875,0.03,18.125,0.03,0.0189583333,,,,,,,,,,
19.4375,0,17.75,0,0.0190625000,,,,,,,,,,
19.1875,0.01,17.25,0,0.0191666667,,,,,,,,,,
18.875,-0.07,16.6875,0.1,0.0192708333,,,,,,,,,,
18.5625,0,16,-0.04,0.0193750000,,,,,,,,,,
18.125,0,15.25,-0.03,0.0194791667,,,,,,,,,,
17.6875,0.01,14.5,0,0.0195833333,,,,,,,,,,
17.1875,-0.02,13.6875,-0.05,0.0196875000,,,,,,,,,,
16.5625,-0.03,12.875,0.03,0.0197916667,,,,,,,,,,
15.9375,-0.04,12.0625,0,0.0198958333,,,,,,,,,,
15.25,-0.04,11.25,0,0.0200000000,,,,,,,,,,
14.4375,0.04,10.3125,0.04,0.0201041667,,,,,,,,,,
13.6875,-0.03,9.3125,0.01,0.0202083333,,,,,,,,,,
12.8125,0.03,8.25,-0.01,0.0203125000,,,,,,,,,,
11.9375,0.02,7.125,0.02,0.0204166667,,,,,,,,,,
11.125,0.01,5.9375,-0.01,0.0205208333,,,,,,,,,,
10.25,0,4.6875,0.03,0.0206250000,,,,,,,,,,
9.375,0.02,3.4375,-0.01,0.0207291667,,,,,,,,,,
8.4375,0.05,2.125,-0.02,0.0208333333,,,,,,,,,,
7.5,0.02,0.875,0.04,0.0209375000,,,,,,,,,,
6.5,0.03,-0.375,0.01,0.0210416667,,,,,,,,,,
5.4375,0.03,-1.625,0,0.0211458333,,,,,,,,,,
4.375,0.02,-2.8125,0.05,0.0212500000,,,,,,,,,,
3.1875,0.02,-3.9375,0,0.0213541667,,,,,,,,,,
1.9375,-1.07,-5,-0.07,0.0214583333,,,,,,,,,,
0.6875,-4.49,-6.125,0.04,0.0215625000,,,,,,,,,,
-0.625,-6.9,-7.1875,0.02,0.0216666667,,,,,,,,,,
-0.875,-8.73,-8.1875,-0.02,0.0217708333,,,,,,,,,,
-2.0625,-9.09,-9.0625,0.03,0.0218750000,,,,,,,,,,
-3.875,-9.46,-9.875,-0.01,0.0219791667,,,,,,,,,,
-4.875,-9.65,-10.6875,0.02,0.0220833333,,,,,,,,,,
-6.0625,-9.95,-11.375,0.02,0.0221875000,,,,,,,,,,
-6.9375,-10.19,-12,-0.02,0.0222916667,,,,,,,,,,
-7.9375,-9.82,-12.625,0.01,0.0223958333,,,,,,,,,,
-9,-9.63,-13.25,0.01,0.0225000000,,,,,,,,,,
-9.8125,-9.55,-13.875,-0.05,0.0226041667,,,,,,,,,,
-10.625,-9.81,-14.375,-0.06,0.0227083333,,,,,,,,,,
-11.4375,-10,-14.9375,0.05,0.0228125000,,,,,,,,,,
-12.25,-9.95,-15.4375,-0.03,0.0229166667,,,,,,,,,,
-13,-9.88,-15.875,-0.05,0.0230208333,,,,,,,,,,
-13.8125,-9.86,-16.25,-0.05,0.0231250000,,,,,,,,,,
-14.625,-10,-16.5625,-0.02,0.0232291667,,,,,,,,,,
-15.1875,-10.24,-16.75,0.06,0.0233333333,,,,,,,,,,
-15.625,-10.08,-16.75,-0.03,0.0234375000,,,,,,,,,,
-16.0625,-9.74,-16.625,0.04,0.0235416667,,,,,,,,,,
-16.4375,-9.59,-16.375,0.05,0.0236458333,,,,,,,,,,
-16.5625,-9.78,-16.0625,-0.01,0.0237500000,,,,,,,,,,
-16.625,-10.11,-15.5625,-0.02,0.0238541667,,,,,,,,,,
-16.625,-10.11,-15.0625,0.01,0.0239583333,,,,,,,,,,
-16.625,-9.88,-14.5,0.03,0.0240625000,,,,,,,,,,
-16.5,-9.77,-13.9375,0.03,0.0241666667,,,,,,,,,,
-16.375,-10,-13.375,-0.03,0.0242708333,,,,,,,,,,
-16.25,-10.23,-12.75,0.01,0.0243750000,,,,,,,,,,
-16.0625,-10.09,-12.1875,-0.02,0.0244791667,,,,,,,,,,
-15.875,-9.71,-11.5625,-0.12,0.0245833333,,,,,,,,,,
-15.5625,-9.69,-10.9375,0.04,0.0246875000,,,,,,,,,,
-15.25,-9.82,-10.3125,0.04,0.0247916667,,,,,,,,,,
-14.75,-9.99,-9.5625,0.01,0.0248958333,,,,,,,,,,
-14.1875,-10.12,-8.6875,0.01,0.0250000000,,,,,,,,,,
-13.5625,-9.92,-7.75,0.01,0.0251041667,,,,,,,,,,
-12.875,-9.84,-6.75,0.06,0.0252083333,,,,,,,,,,
-12.0625,-9.96,-5.625,0.04,0.0253125000,,,,,,,,,,
-11.125,-10.28,-4.4375,0.04,0.0254166667,,,,,,,,,,
-10.1875,-10.19,-3.25,-0.05,0.0255208333,,,,,,,,,,
-9.25,-9.69,-2.0625,-0.01,0.0256250000,,,,,,,,,,
-8.3125,-9.62,-0.875,-0.04,0.0257291667,,,,,,,,,,
-7.375,-9.73,0.25,0.02,0.0258333333,,,,,,,,,,
-6.375,-10.04,1.375,0.05,0.0259375000,,,,,,,,,,
-5.4375,-10.05,2.5,-0.02,0.0260416667,,,,,,,,,,
-4.5,-9.82,3.5625,-0.02,0.0261458333,,,,,,,,,,
-3.5625,-9.82,4.5,-0.02,0.0262500000,,,,,,,,,,
-2.75,-10.07,5.4375,0.05,0.0263541667,,,,,,,,,,
-1.75,-10.33,6.375,-0.01,0.0264583333,,,,,,,,,,
-0.625,-10.17,7.375,0,0.0265625000,,,,,,,,,,
0.4375,-7.98,8.3125,0,0.0266666667,,,,,,,,,,
1.5,-5.48,9.25,-0.03,0.0267708333,,,,,,,,,,
2.5625,-2,10.1875,0.01,0.0268750000,,,,,,,,,,
2.75,1.4,11.0625,0.08,0.0269791667,,,,,,,,,,
2.75,4.52,11.9375,0.01,0.0270833333,,,,,,,,,,
4.875,6.53,12.8125,0.03,0.0271875000,,,,,,,,,,
5.875,8.02,13.625,-0.01,0.0272916667,,,,,,,,,,
6.8125,9.05,14.25,0.05,0.0273958333,,,,,,,,,,
7.9375,9.65,14.75,-0.01,0.0275000000,,,,,,,,,,
7.9375,9.92,15.125,-0.03,0.0276041667,,,,,,,,,,
9.5625,10.09,15.375,-0.02,0.0277083333,,,,,,,,,,
10.1875,10.32,15.5625,-0.01,0.0278125000,,,,,,,,,,
10.1875,10.44,15.625,-0.04,0.0279166667,,,,,,,,,,
11.3125,10.33,15.625,0,0.0280208333,,,,,,,,,,
11.3125,10.27,15.5625,0,0.0281250000,,,,,,,,,,
11.75,10.36,15.5625,-0.01,0.0282291667,,,,,,,,,,
12.25,10.46,15.375,-0.03,0.0283333333,,,,,,,,,,
12.625,10.47,15.1875,0.03,0.0284375000,,,,,,,,,,
12.875,10.3,15,0.02,0.0285416667,,,,,,,,,,
13.1875,10.12,15,-0.05,0.0286458333,,,,,,,,,,
13.1875,10.14,14.4375,-0.05,0.0287500000,,,,,,,,,,
12.9375,10.36,14,-0.02,0.0288541667,,,,,,,,,,
12.75,10.41,14,0.01,0.0289583333,,,,,,,,,,
12.75,10.22,13.5,0.07,0.0290625000,,,,,,,,,,
12.125,10.2,12.0625,-0.01,0.0291666667,,,,,,,,,,
12.125,10.27,12.0625,0,0.0292708333,,,,,,,,,,
11.625,10.45,11.25,0.01,0.0293750000,,,,,,,,,,
11.125,10.29,10.3125,0,0.0294791667,,,,,,,,,,
10,10.16,8.3125,0,0.0295833333,,,,,,,,,,
10,10.09,8.3125,0.02,0.0296875000,,,,,,,,,,
8.6875,10.12,7.25,-0.02,0.0297916667,,,,,,,,,,
8.6875,10.28,6.25,0,0.0298958333,,,,,,,,,,
7.125,10.33,5.25,-0.02,0.0300000000,,,,,,,,,,
7.125,10.13,4.25,0,0.0301041667,,,,,,,,,,
5.4375,10.16,3.3125,-0.02,0.0302083333,,,,,,,,,,
5.4375,10.22,2.375,0.05,0.0303125000,,,,,,,,,,
4.5,10.35,1.375,0.03,0.0304166667,,,,,,,,,,
3.5,10.29,0.4375,-0.01,0.0305208333,,,,,,,,,,
2.5,9.78,-1.5625,0.03,0.0306250000,,,,,,,,,,
1.5,5.11,-1.5625,0.03,0.0307291667,,,,,,,,,,
-0.1875,0.46,-2.5625,-0.01,0.0308333333,,,,,,,,,,
-0.1875,-4.36,-3.625,-0.01,0.0309375000,,,,,,,,,,
0.4375,-6.62,-4.6875,-0.06,0.0310416667,,,,,,,,,,
-1.125,-8.42,-5.6875,-0.02,0.0311458333,,,,,,,,,,
-2.3125,-9.29,-6.6875,0.11,0.0312500000,,,,,,,,,,
-4.8125,-9.45,-7.5625,-0.01,0.0313541667,,,,,,,,,,
-4.8125,-9.7,-8.4375,-0.05,0.0314583333,,,,,,,,,,
-5.6875,-9.63,-9.25,-0.02,0.0315625000,,,,,,,,,,
-6.9375,-10.01,-10.5,-0.03,0.0316666667,,,,,,,,,,
-7.9375,-10.13,-10.5,-0.04,0.0317708333,,,,,,,,,,
-9.5625,-10.18,-11,-0.05,0.0318750000,,,,,,,,,,
-9.5625,-9.98,-11.4375,0.01,0.0319791667,,,,,,,,,,
-10.5625,-9.94,-11.9375,-0.05,0.0320833333,,,,,,,,,,
-11.3125,-10.08,-12.3125,-0.01,0.0321875000,,,,,,,,,,
-11.875,-10.46,-12.6875,0.01,0.0322916667,,,,,,,,,,
-12.4375,-10.16,-13.0625,-0.01,0.0323958333,,,,,,,,,,
-13.0625,-9.81,-13.375,-0.08,0.0325000000,,,,,,,,,,
-13.4375,-9.67,-13.625,-0.05,0.0326041667,,,,,,,,,,
-13.8125,-9.96,-13.875,0.05,0.0327083333,,,,,,,,,,
-14.125,-10.12,-14,0.03,0.0328125000,,,,,,,,,,
-14.4375,-10.16,-14,0.02,0.0329166667,,,,,,,,,,
-14.6875,-9.96,-13.9375,0.05,0.0330208333,,,,,,,,,,
-15,-9.92,-13.75,0.02,0.0331250000,,,,,,,,,,
-15.25,-10.1,-13.4375,0,0.0332291667,,,,,,,,,,
-15.4375,-10.34,-13.0625,0,0.0333333333,,,,,,,,,,
-15.5,-10.16,-12.625,-0.03,0.0334375000,,,,,,,,,,
-15.625,-9.92,-12.125,-0.05,0.0335416667,,,,,,,,,,
-15.6875,-9.73,-11.5625,0.01,0.0336458333,,,,,,,,,,
-15.5625,-9.94,-10.9375,-0.04,0.0337500000,,,,,,,,,,
-15.3125,-10.14,-10.375,-0.01,0.0338541667,,,,,,,,,,
-14.9375,-10.15,-9.75,-0.06,0.0339583333,,,,,,,,,,
-14.5625,-9.97,-9.125,0.01,0.0340625000,,,,,,,,,,
-14.125,-9.95,-8.4375,0.02,0.0341666667,,,,,,,,,,
-13.625,-10.12,-7.75,-0.01,0.0342708333,,,,,,,,,,
-13.0625,-10.29,-7,0.01,0.0343750000,,,,,,,,,,
-12.4375,-10.15,-6.1875,0.03,0.0344791667,,,,,,,,,,
-11.875,-9.8,-5.375,-0.02,0.0345833333,,,,,,,,,,
-11.25,-9.69,-4.5,0,0.0346875000,,,,,,,,,,
-10.6875,-9.88,-3.625,0.02,0.0347916667,,,,,,,,,,
-10,-10.2,-2.6875,0.03,0.0348958333,,,,,,,,,,
-9.3125,-10.18,-1.75,0.02,0.0350000000,,,,,,,,,,
-8.5625,-9.94,-0.75,0.08,0.0351041667,,,,,,,,,,
-7.875,-9.89,0.25,0.05,0.0352083333,,,,,,,,,,
-7.125,-10.15,1.25,-0.07,0.0353125000,,,,,,,,,,
-6.25,-10.37,2.25,-0.06,0.0354166667,,,,,,,,,,
-5.3125,-10.14,3.25,-0.07,0.0355208333,,,,,,,,,,
-4.4375,-9.67,4.1875,-0.03,0.0356250000,,,,,,,,,,
-3.5625,-9.68,5.1875,0,0.0357291667,,,,,,,,,,
-2.5625,-9.9,6.1875,0.03,0.0358333333,,,,,,,,,,
-1.5625,-9.02,7.0625,0.01,0.0359375000,,,,,,,,,,
-0.5625,-4.11,7.9375,0.05,0.0360416667,,,,,,,,,,
0.375,0.44,8.8125,0.04,0.0361458333,,,,,,,,,,
0.4375,4.6,9.5625,-0.01,0.0362500000,,,,,,,,,,
-0.375,6.68,10.3125,-0.01,0.0363541667,,,,,,,,,,
1.5,8.37,10.9375,0.02,0.0364583333,,,,,,,,,,
2.375,9.08,11.5,0.01,0.0365625000,,,,,,,,,,
3.75,9.44,12,-0.05,0.0366666667,,,,,,,,,,
4.5,10.01,12.5,0.02,0.0367708333,,,,,,,,,,
5.375,10.39,12.9375,0.01,0.0368750000,,,,,,,,,,
6.5,10.12,13.375,-0.03,0.0369791667,,,,,,,,,,
7.25,10.1,13.75,0.05,0.0370833333,,,,,,,,,,
7.9375,10.08,14.0625,-0.05,0.0371875000,,,,,,,,,,
8.75,10.24,14.25,-0.02,0.0372916667,,,,,,,,,,
9.25,10.2,14.4375,0.04,0.0373958333,,,,,,,,,,
9.5625,10.26,14.5625,0,0.0375000000,,,,,,,,,,
10.0625,10.24,14.5625,-0.01,0.0376041667,,,,,,,,,,
10.5,10.16,14.5,0,0.0377083333,,,,,,,,,,
10.6875,10.39,14.3125,0.01,0.0378125000,,,,,,,,,,
10.625,10.4,14,0.01,0.0379166667,,,,,,,,,,
10.8125,10.11,13.625,0.05,0.0380208333,,,,,,,,,,
10.875,9.95,13.1875,-0.03,0.0381250000,,,,,,,,,,
10.6875,10.24,12.6875,0,0.0382291667,,,,,,,,,,
10.5625,10.32,12.125,-0.01,0.0383333333,,,,,,,,,,
10.5,10.23,11.5625,-0.03,0.0384375000,,,,,,,,,,
10.25,10.13,10.9375,0.04,0.0385416667,,,,,,,,,,
10,10.11,10.3125,-0.04,0.0386458333,,,,,,,,,,
9.8125,10.21,9.625,0.06,0.0387500000,,,,,,,,,,
9.5,10.34,8.9375,-0.03,0.0388541667,,,,,,,,,,
9,10.28,8.1875,-0.04,0.0389583333,,,,,,,,,,
8.5,10.07,7.4375,0.01,0.0390625000,,,,,,,,,,
8,9.98,6.625,0.08,0.0391666667,,,,,,,,,,
7.375,10.09,5.75,0,0.0392708333,,,,,,,,,,
6.625,10.21,4.8125,-0.04,0.0393750000,,,,,,,,,,
5.875,10.22,3.875,0.03,0.0394791667,,,,,,,,,,
5.1875,10.01,2.875,-0.01,0.0395833333,,,,,,,,,,
4.375,10.02,1.875,-0.01,0.0396875000,,,,,,,,,,
3.5,10.18,0.875,-0.02,0.0397916667,,,,,,,,,,
2.6875,10.31,-0.125,0.06,0.0398958333,,,,,,,,,,
1.875,10.19,-1.0625,0,0.0400000000,,,,,,,,,,
1.0625,6.85,-2,0.02,0.0401041667,,,,,,,,,,
0.25,4.06,-2.8125,0,0.0402083333,,,,,,,,,,
-0.5,-1.33,-3.625,0.01,0.0403125000,,,,,,,,,,
-0.125,-4.57,-4.375,-0.04,0.0404166667,,,,,,,,,,
-0.875,-7.33,-5.125,0,0.0405208333,,,,,,,,,,
-1.625,-8.66,-5.8125,-0.01,0.0406250000,,,,,,,,,,
-3,-9.25,-6.5,-0.01,0.0407291667,,,,,,,,,,
-3.75,-9.53,-7.1875,0.02,0.0408333333,,,,,,,,,,
-4.875,-9.75,-7.8125,-0.03,0.0409375000,,,,,,,,,,
-5.8125,-10.03,-8.4375,-0.02,0.0410416667,,,,,,,,,,
-6.5,-10.17,-9,-0.02,0.0411458333,,,,,,,,,,
-7.25,-10.11,-9.5,0.01,0.0412500000,,,,,,,,,,
-8,-10.06,-10.0625,-0.02,0.0413541667,,,,,,,,,,
-8.875,-10,-10.5,0.04,0.0414583333,,,,,,,,,,
-9.5,-10.1,-10.9375,-0.02,0.0415625000,,,,,,,,,,
-10,-10.38,-11.25,0.03,0.0416666667,,,,,,,,,,
-10.4375,-10.35,-11.5625,0.06,0.0417708333,,,,,,,,,,
-10.9375,-9.97,-11.8125,0,0.0418750000,,,,,,,,,,
-11.25,-9.77,-11.9375,-0.03,0.0419791667,,,,,,,,,,
-11.5,-9.94,-12,0,0.0420833333,,,,,,,,,,
-11.6875,-10.2,-12.0625,-0.06,0.0421875000,,,,,,,,,,
-11.875,-10.17,-12,0.02,0.0422916667,,,,,,,,,,
-12.0625,-10,-11.9375,0.05,0.0423958333,,,,,,,,,,
-12.1875,-9.98,-11.75,0.04,0.0425000000,,,,,,,,,,
-12.3125,-10.11,-11.5625,-0.01,0.0426041667,,,,,,,,,,
-12.3125,-10.39,-11.3125,0.02,0.0427083333,,,,,,,,,,
-12.375,-10.32,-11,0.03,0.0428125000,,,,,,,,,,
-12.4375,-9.84,-10.625,0,0.0429166667,,,,,,,,,,
-12.375,-9.74,-10.1875,0.03,0.0430208333,,,,,,,,,,
-12.25,-9.94,-9.75,0.02,0.0431250000,,,,,,,,,,
-12.0625,-10.26,-9.1875,-0.03,0.0432291667,,,,,,,,,,
-11.8125,-10.12,-8.625,0.06,0.0433333333,,,,,,,,,,
-11.5,-9.98,-8,0.02,0.0434375000,,,,,,,,,,
-11.125,-9.93,-7.375,0.04,0.0435416667,,,,,,,,,,
-10.625,-10.19,-6.6875,0.03,0.0436458333,,,,,,,,,,
-10.125,-10.31,-6,0.07,0.0437500000,,,,,,,,,,
-9.5625,-10.22,-5.3125,0,0.0438541667,,,,,,,,,,
-8.9375,-9.82,-4.5625,0.02,0.0439583333,,,,,,,,,,
-8.375,-9.77,-3.8125,-0.01,0.0440625000,,,,,,,,,,
-8.375,-9.88,-3.0625,-0.03,0.0441666667,,,,,,,,,,
-7,-10.18,-2.3125,0.03,0.0442708333,,,,,,,,,,
-6.3125,-10.14,-1.5,0.02,0.0443750000,,,,,,,,,,
-5.6875,-9.88,-0.6875,0.02,0.0444791667,,,,,,,,,,
-5.6875,-9.89,0.25,0.02,0.0445833333,,,,,,,,,,
-4.375,-10.13,0.25,0.01,0.0446875000,,,,,,,,,,
-4.375,-10.35,1.125,-0.03,0.0447916667,,,,,,,,,,
-3.6875,-10.19,2.0625,-0.07,0.0448958333,,,,,,,,,,
-2.375,-9.79,3.875,0,0.0450000000,,,,,,,,,,
-2.375,-8.08,4.6875,-0.02,0.0451041667,,,,,,,,,,
-1.625,-3.26,5.5625,-0.05,0.0452083333,,,,,,,,,,
-0.6875,1.52,6.4375,0.05,0.0453125000,,,,,,,,,,
-1.875,5.25,6.4375,0.03,0.0454166667,,,,,,,,,,
-1.875,6.87,7.1875,-0.04,0.0455208333,,,,,,,,,,
1.1875,8.46,7.875,0.03,0.0456250000,,,,,,,,,,
2.5,9.33,8.5625,-0.01,0.0457291667,,,,,,,,,,
3.375,9.58,9.75,0,0.0458333333,,,,,,,,,,
4.25,9.82,9.75,-0.03,0.0459375000,,,,,,,,,,
4.25,10,10.6875,0.01,0.0460416667,,,,,,,,,,
5.3125,10.16,11.125,0,0.0461458333,,,,,,,,,,
6.625,10.19,11.5,-0.02,0.0462500000,,,,,,,,,,
6.625,10.33,11.5,0.04,0.0463541667,,,,,,,,,,
7.875,10.16,11.8125,-0.06,0.0464583333,,,,,,,,,,
7.875,10.08,12.3125,0.01,0.0465625000,,,,,,,,,,
8.5625,10.26,12.4375,-0.01,0.0466666667,,,,,,,,,,
8.5625,10.38,12.5,0,0.0467708333,,,,,,,,,,
9,10.21,12.5,-0.01,0.0468750000,,,,,,,,,,
9.3125,10.11,12.4375,-0.03,0.0469791667,,,,,,,,,,
9.3125,10.09,12.4375,-0.03,0.0470833333,,,,,,,,,,
9.6875,10.14,12.25,0,0.0471875000,,,,,,,,,,
9.875,10.27,12,-0.03,0.0472916667,,,,,,,,,,
9.9375,10.28,11.375,-0.03,0.0473958333,,,,,,,,,,
9.9375,10.12,11.375,-0.02,0.0475000000,,,,,,,,,,
10.1875,10.07,10.5,0.01,0.0476041667,,,,,,,,,,
10.125,10.3,10.5,0.05,0.0477083333,,,,,,,,,,
10,10.42,10,0.03,0.0478125000,,,,,,,,,,
10,10.18,9.4375,0.02,0.0479166667,,,,,,,,,,
9.8125,10.02,8.9375,0.02,0.0480208333,,,,,,,,,,
9.375,10.02,8.3125,-0.04,0.0481250000,,,,,,,,,,
9,10.13,7.6875,-0.03,0.0482291667,,,,,,,,,,
8.5625,10.23,7,-0.01,0.0483333333,,,,,,,,,,
8,10.11,6.25,-0.02,0.0484375000,,,,,,,,,,
6.875,10.1,4.75,0.01,0.0485416667,,,,,,,,,,
6.875,10.11,4.75,0,0.0486458333,,,,,,,,,,
6.3125,10.18,3.9375,0.05,0.0487500000,,,,,,,,,,
5.6875,10.3,3.0625,-0.02,0.0488541667,,,,,,,,,,
5.125,10.16,2.25,0.03,0.0489583333,,,,,,,,,,
4.625,9.96,1.375,-0.01,0.0490625000,,,,,,,,,,
4,10,0.5625,-0.01,0.0491666667,,,,,,,,,,
3.375,10.19,-0.25,-0.01,0.0492708333,,,,,,,,,,
2.75,10.23,-1.0625,-0.01,0.0493750000,,,,,,,,,,
2,10.04,-1.875,0.04,0.0494791667,,,,,,,,,,
0.5,7.29,-2.6875,0.02,0.0495833333,,,,,,,,,,
0.5,4.69,-4.125,-0.03,0.0496875000,,,,,,,,,,
-0.25,-0.14,-4.125,-0.03,0.0497916667,,,,,,,,,,
-0.25,-3.46,-4.8125,-0.05,0.0498958333,,,,,,,,,,
-0.375,-6.54,-5.5625,-0.03,0.0500000000,,,,,,,,,,
-1.5,-8.26,-6.1875,0.01,0.0501041667,,,,,,,,,,
-2.25,-9.02,-6.8125,0.04,0.0502083333,,,,,,,,,,
-3.3125,-9.66,-7.375,0.03,0.0503125000,,,,,,,,,,
-3.875,-9.79,-7.875,0,0.0504166667,,,,,,,,,,
-4.875,-9.86,-8.375,0,0.0505208333,,,,,,,,,,
-5.625,-10.12,-8.75,0,0.0506250000,,,,,,,,,,
-6.125,-10.29,-9.5,-0.02,0.0507291667,,,,,,,,,,
-6.6875,-10.25,-9.5,0.01,0.0508333333,,,,,,,,,,
-7.3125,-9.72,-9.875,0.02,0.0509375000,,,,,,,,,,
-7.9375,-9.77,-10.1875,-0.02,0.0510416667,,,,,,,,,,
-8.4375,-9.87,-10.4375,0.02,0.0511458333,,,,,,,,,,
-8.9375,-10.12,-10.6875,0.03,0.0512500000,,,,,,,,,,
-9.3125,-10.16,-10.875,0.02,0.0513541667,,,,,,,,,,
-9.6875,-9.92,-11,-0.02,0.0514583333,,,,,,,,,,
-10,-9.9,-11.0625,0,0.0515625000,,,,,,,,,,
-10.1875,-10.11,-11.125,0.01,0.0516666667,,,,,,,,,,
-10.375,-10.28,-11.0625,0,0.0517708333,,,,,,,,,,
-10.4375,-10.12,-10.9375,-0.03,0.0518750000,,,,,,,,,,
-10.5,-9.79,-10.6875,0,0.0519791667,,,,,,,,,,
-10.5625,-9.71,-10.4375,0.03,0.0520833333,,,,,,,,,,
-10.625,-9.92,-10.125,0.02,0.0521875000,,,,,,,,,,
-10.5625,-10.14,-9.75,0,0.0522916667,,,,,,,,,,
-10.4375,-10.16,-9.3125,0.02,0.0523958333,,,,,,,,,,
-10.4375,-9.97,-8.9375,-0.03,0.0525000000,,,,,,,,,,
-10.375,-9.89,-8.4375,0,0.0526041667,,,,,,,,,,
-10.25,-10.11,-7.9375,-0.04,0.0527083333,,,,,,,,,,
-10.125,-10.36,-7.4375,0.01,0.0528125000,,,,,,,,,,
-9.875,-10.15,-6.9375,-0.03,0.0529166667,,,,,,,,,,
-9.5625,-9.87,-6.375,0.05,0.0530208333,,,,,,,,,,
-9.1875,-9.74,-5.8125,0.03,0.0531250000,,,,,,,,,,
-8.8125,-9.95,-5.1875,0.06,0.0532291667,,,,,,,,,,
-8.3125,-10.12,-4.5625,0.04,0.0533333333,,,,,,,,,,
-7.6875,-10.09,-3.9375,-0.03,0.0534375000,,,,,,,,,,
-7.125,-9.94,-3.25,0.04,0.0535416667,,,,,,,,,,
-6.5625,-9.83,-2.5,-0.05,0.0536458333,,,,,,,,,,
-6.0625,-10.07,-1.75,-0.02,0.0537500000,,,,,,,,,,
-5.4375,-10.35,-0.9375,0.02,0.0538541667,,,,,,,,,,
-4.875,-10.16,-0.125,0.07,0.0539583333,,,,,,,,,,
-4.375,-9.75,0.6875,0.01,0.0540625000,,,,,,,,,,
-3.8125,-9.73,1.5,-0.08,0.0541666667,,,,,,,,,,
-3.25,-9.92,2.3125,-0.01,0.0542708333,,,,,,,,,,
-2.5625,-8.17,3.0625,-0.02,0.0543750000,,,,,,,,,,
-1.875,-3.44,3.8125,-0.01,0.0544791667,,,,,,,,,,
-1.75,1.61,4.5625,0.07,0.0545833333,,,,,,,,,,
-3.125,5.08,5.25,0.02,0.0546875000,,,,,,,,,,
-1.3125,7.07,5.9375,-0.03,0.0547916667,,,,,,,,,,
-0.375,8.62,6.5625,0.03,0.0548958333,,,,,,,,,,
0.75,9.07,7.1875,0.04,0.0550000000,,,,,,,,,,
1.5,9.55,7.75,0.04,0.0551041667,,,,,,,,,,
2.1875,10.14,8.25,0.02,0.0552083333,,,,,,,,,,
3.3125,10.28,8.6875,0.03,0.0553125000,,,,,,,,,,
4,10,9.1875,0.02,0.0554166667,,,,,,,,,,
4.5625,10.08,9.625,0.06,0.0555208333,,,,,,,,,,
5.25,10.22,10,0,0.0556250000,,,,,,,,,,
5.75,10.25,10.375,-0.01,0.0557291667,,,,,,,,,,
5.9375,10.22,10.625,-0.02,0.0558333333,,,,,,,,,,
6.375,10.2,10.875,0.01,0.0559375000,,,,,,,,,,
6.875,10.17,11.0625,-0.05,0.0560416667,,,,,,,,,,
7.125,10.26,11.1875,0,0.0561458333,,,,,,,,,,
7.1875,10.48,11.3125,0.05,0.0562500000,,,,,,,,,,
7.5625,10.34,11.3125,0.06,0.0563541667,,,,,,,,,,
7.8125,9.96,11.1875,0.02,0.0564583333,,,,,,,,,,
7.875,10,11.0625,-0.02,0.0565625000,,,,,,,,,,
7.875,10.21,10.8125,0.03,0.0566666667,,,,,,,,,,
8,10.26,10.5625,0.03,0.0567708333,,,,,,,,,,
8,10.26,10.25,-0.02,0.0568750000,,,,,,,,,,
7.9375,10.13,9.875,-0.01,0.0569791667,,,,,,,,,,
7.9375,10.19,9.4375,-0.01,0.0570833333,,,,,,,,,,
7.875,10.22,9,-0.06,0.0571875000,,,,,,,,,,
7.5625,10.35,8.5625,0.03,0.0572916667,,,,,,,,,,
7.3125,10.22,8.0625,-0.05,0.0573958333,,,,,,,,,,
7.125,10.04,7.5625,0,0.0575000000,,,,,,,,,,
6.75,10.01,7,-0.07,0.0576041667,,,,,,,,,,
6.3125,10.2,6.4375,0,0.0577083333,,,,,,,,,,
5.8125,10.28,5.8125,-0.02,0.0578125000,,,,,,,,,,
5.375,10.17,5.125,-0.02,0.0579166667,,,,,,,,,,
4.875,10.01,4.4375,0.04,0.0580208333,,,,,,,,,,
4.375,10.13,3.75,0,0.0581250000,,,,,,,,,,
4.375,10.32,3,-0.03,0.0582291667,,,,,,,,,,
3.3125,10.32,2.1875,-0.02,0.0583333333,,,,,,,,,,
2.75,10.12,1.4375,-0.02,0.0584375000,,,,,,,,,,
2.1875,9.96,0.6875,0,0.0585416667,,,,,,,,,,
1.625,10.02,-0.0625,-0.01,0.0586458333,,,,,,,,,,
1,8.8,-0.8125,0,0.0587500000,,,,,,,,,,
0.3125,5.69,-1.5625,-0.01,0.0588541667,,,,,,,,,,
-0.0625,2.01,-2.25,0,0.0589583333,,,,,,,,,,
0.75,-1.51,-2.875,0.01,0.0590625000,,,,,,,,,,
-0.4375,-4,-3.5,0.05,0.0591666667,,,,,,,,,,
-0.9375,-5.85,-4.0625,-0.01,0.0592708333,,,,,,,,,,
-1.9375,-6.61,-4.625,0,0.0593750000,,,,,,,,,,
-2.4375,-7.2,-5.25,0.05,0.0594791667,,,,,,,,,,
-3.25,-7.76,-5.75,0,0.0595833333,,,,,,,,,,
-4.25,-8.15,-6.3125,0.02,0.0596875000,,,,,,,,,,
-4.8125,-9.1,-6.75,0.01,0.0597916667,,,,,,,,,,
-5.3125,-9.46,-7.1875,-0.02,0.0598958333,,,,,,,,,,
-5.75,-9.79,-7.5625,0.01,0.0600000000,,,,,,,,,,
-6.5,-9.63,-7.9375,-0.04,0.0601041667,,,,,,,,,,
-7,-9.84,-8.25,0.02,0.0602083333,,,,,,,,,,
-7.4375,-10.09,-8.5,0.01,0.0603125000,,,,,,,,,,
-7.875,-10.23,-8.6875,0.01,0.0604166667,,,,,,,,,,
-7.875,-9.93,-8.8125,-0.03,0.0605208333,,,,,,,,,,
-8.5625,-9.9,-8.9375,0.01,0.0606250000,,,,,,,,,,
-8.75,-10.01,-9,-0.06,0.0607291667,,,,,,,,,,
-8.75,-10.33,-9,0.03,0.0608333333,,,,,,,,,,
-8.875,-10.29,-9,-0.01,0.0609375000,,,,,,,,,,
-9.125,-9.91,-9,-0.01,0.0610416667,,,,,,,,,,
-9.3125,-9.73,-8.875,0.01,0.0611458333,,,,,,,,,,
-9.4375,-9.83,-8.75,0.04,0.0612500000,,,,,,,,,,
-9.5,-10.16,-8.625,0.03,0.0613541667,,,,,,,,,,
-9.5,-10.17,-8.375,-0.02,0.0614583333,,,,,,,,,,
-9.5625,-9.97,-8.125,0.02,0.0615625000,,,,,,,,,,
-9.6875,-9.89,-7.8125,-0.03,0.0616666667,,,,,,,,,,
-9.625,-10.07,-7.4375,-0.02,0.0617708333,,,,,,,,,,
-9.5,-10.24,-7.4375,0.03,0.0618750000,,,,,,,,,,
-9.5,-10.3,-7,0.02,0.0619791667,,,,,,,,,,
-9.1875,-9.93,-6,-0.01,0.0620833333,,,,,,,,,,
-8.9375,-9.74,-5.5,-0.01,0.0621875000,,,,,,,,,,
-8.625,-9.84,-4.9375,-0.04,0.0622916667,,,,,,,,,,
-8.625,-10.09,-4.375,-0.01,0.0623958333,,,,,,,,,,
-7.75,-10.08,-3.8125,0.02,0.0625000000,,,,,,,,,,
-7.75,-9.94,-3.25,-0.02,0.0626041667,,,,,,,,,,
-7.3125,-9.86,-3.25,0.05,0.0627083333,,,,,,,,,,
-6.9375,-9.98,-2.125,0,0.0628125000,,,,,,,,,,
-6.5,-10.22,-1.5,-0.01,0.0629166667,,,,,,,,,,
-6,-10.26,-0.875,0.01,0.0630208333,,,,,,,,,,
-5.125,-9.9,-0.1875,0.06,0.0631250000,,,,,,,,,,
-5.125,-9.71,0.5,0.01,0.0632291667,,,,,,,,,,
-4.6875,-9.87,0.5,0.02,0.0633333333,,,,,,,,,,
-3.75,-10.08,1.1875,0.03,0.0634375000,,,,,,,,,,
-3.75,-10.14,1.9375,-0.05,0.0635416667,,,,,,,,,,
-3.125,-8.42,3.375,-0.01,0.0636458333,,,,,,,,,,
-2.5625,-4.6,3.375,-0.04,0.0637500000,,,,,,,,,,
-2.0625,0.47,4.125,-0.01,0.0638541667,,,,,,,,,,
-1.625,4.51,4.8125,0.01,0.0639583333,,,,,,,,,,
-2.875,6.82,5.4375,0,0.0640625000,,,,,,,,,,
-1.1875,8.48,6.0625,0,0.0641666667,,,,,,,,,,
-0.125,9.18,7.1875,0.04,0.0642708333,,,,,,,,,,
-0.125,9.51,7.1875,0.02,0.0643750000,,,,,,,,,,
0.75,9.91,7.625,-0.01,0.0644791667,,,,,,,,,,
1.25,10.11,8.0625,0,0.0645833333,,,,,,,,,,
2,10.37,8.875,0.01,0.0646875000,,,,,,,,,,
2.8125,10.28,9.1875,-0.02,0.0647916667,,,,,,,,,,
3.3125,10.17,9.1875,0,0.0648958333,,,,,,,,,,
3.875,10.08,9.5625,-0.02,0.0650000000,,,,,,,,,,
4.4375,10.06,9.875,-0.07,0.0651041667,,,,,,,,,,
4.875,10.28,10.375,-0.04,0.0652083333,,,,,,,,,,
5.1875,10.29,10.5625,-0.02,0.0653125000,,,,,,,,,,
5.5,10.12,10.5625,0,0.0654166667,,,,,,,,,,
5.8125,10.08,10.75,0.02,0.0655208333,,,,,,,,,,
6,10.25,10.8125,0.04,0.0656250000,,,,,,,,,,
6.125,10.36,10.8125,-0.01,0.0657291667,,,,,,,,,,
6.3125,10.25,10.75,0.03,0.0658333333,,,,,,,,,,
6.375,10.07,10.625,-0.02,0.0659375000,,,,,,,,,,
6.4375,9.96,10.375,-0.05,0.0660416667,,,,,,,,,,
6.5625,10.07,10.125,-0.03,0.0661458333,,,,,,,,,,
6.625,10.25,9.875,0.04,0.0662500000,,,,,,,,,,
6.5625,10.22,9.125,0.04,0.0663541667,,,,,,,,,,
6.5625,10.05,9.125,0,0.0664583333,,,,,,,,,,
6.625,10.15,8.75,0.01,0.0665625000,,,,,,,,,,
6.5,10.2,8.3125,-0.01,0.0666666667,,,,,,,,,,
6.3125,10.32,7.9375,-0.05,0.0667708333,,,,,,,,,,
6.0625,10.17,7.4375,0.03,0.0668750000,,,,,,,,,,
5.8125,9.99,7,0.02,0.0669791667,,,,,,,,,,
5.5,9.99,6.5,0,0.0670833333,,,,,,,,,,
5.125,10.2,5.9375,-0.02,0.0671875000,,,,,,,,,,
4.6875,10.16,5.3125,0.02,0.0672916667,,,,,,,,,,
4.1875,10.14,4.75,0.01,0.0673958333,,,,,,,,,,
3.8125,10,4.0625,-0.01,0.0675000000,,,,,,,,,,
3.375,10.04,3.375,-0.02,0.0676041667,,,,,,,,,,
2.9375,10.15,2.6875,-0.03,0.0677083333,,,,,,,,,,
2.4375,10.31,2,0.04,0.0678125000,,,,,,,,,,
2,10.08,1.3125,-0.05,0.0679166667,,,,,,,,,,
1.5625,9.17,0.625,-0.04,0.0680208333,,,,,,,,,,
1.0625,6.34,0,-0.04,0.0681250000,,,,,,,,,,
0.625,3.72,-0.625,0.02,0.0682291667,,,,,,,,,,
1.0625,0.33,-1.3125,0.04,0.0683333333,,,,,,,,,,
0.5625,-1.84,-1.875,-0.01,0.0684375000,,,,,,,,,,
-0.0625,-3.77,-2.4375,0.05,0.0685416667,,,,,,,,,,
-0.8125,-4.61,-3,-0.03,0.0686458333,,,,,,,,,,
-1.5,-5.53,-3.5,0.04,0.0687500000,,,,,,,,,,
-2,-5.91,-4,0.03,0.0688541667,,,,,,,,,,
-2.875,-6.16,-4.5,-0.06,0.0689583333,,,,,,,,,,
-3.5625,-6.89,-5,0,0.0690625000,,,,,,,,,,
-4,-8.18,-5.4375,0,0.0691666667,,,,,,,,,,
-4.375,-8.93,-5.875,-0.05,0.0692708333,,,,,,,,,,
-4.5,-9.45,-6.25,-0.01,0.0693750000,,,,,,,,,,
-5.125,-9.82,-6.625,-0.02,0.0694791667,,,,,,,,,,
-5.625,-10.15,-6.9375,-0.02,0.0695833333,,,,,,,,,,
-6.0625,-10.07,-7.1875,-0.02,0.0696875000,,,,,,,,,,
-6.4375,-9.95,-7.4375,0.01,0.0697916667,,,,,,,,,,
-6.6875,-10.03,-7.625,0.02,0.0698958333,,,,,,,,,,
-7.0625,-10.05,-7.75,0.02,0.0700000000,,,,,,,,,,
-7.25,-10.27,-7.8125,-0.02,0.0701041667,,,,,,,,,,
-7.3125,-10.29,-7.875,0.02,0.0702083333,,,,,,,,,,
-7.5,-9.89,-7.875,-0.05,0.0703125000,,,,,,,,,,
-7.6875,-9.83,-7.875,-0.03,0.0704166667,,,,,,,,,,
-7.8125,-9.86,-7.8125,-0.02,0.0705208333,,,,,,,,,,
-7.75,-10.15,-7.75,-0.02,0.0706250000,,,,,,,,,,
-7.75,-10.18,-7.625,-0.02,0.0707291667,,,,,,,,,,
-7.8125,-9.95,-7.4375,-0.01,0.0708333333,,,,,,,,,,
-7.8125,-9.92,-7.25,0.03,0.0709375000,,,,,,,,,,
-7.8125,-10.03,-7,0.02,0.0710416667,,,,,,,,,,
-7.6875,-10.32,-6.75,-0.02,0.0711458333,,,,,,,,,,
-7.625,-10.25,-6.375,-0.02,0.0712500000,,,,,,,,,,
-7.5,-9.91,-6.0625,-0.01,0.0713541667,,,,,,,,,,
-7.375,-9.77,-5.625,0.01,0.0714583333,,,,,,,,,,
-7.1875,-9.87,-5.25,0.01,0.0715625000,,,,,,,,,,
-6.875,-10.15,-4.75,0.02,0.0716666667,,,,,,,,,,
-6.5,-10.22,-4.3125,0.02,0.0717708333,,,,,,,,,,
-6.1875,-9.93,-3.8125,0.02,0.0718750000,,,,,,,,,,
-5.875,-9.87,-3.25,0.02,0.0719791667,,,,,,,,,,
-5.4375,-9.98,-2.75,0.03,0.0720833333,,,,,,,,,,
-5,-10.31,-2.1875,0,0.0721875000,,,,,,,,,,
-4.5625,-10.23,-1.625,-0.02,0.0722916667,,,,,,,,,,
-4.125,-9.83,-1.0625,0.03,0.0723958333,,,,,,,,,,
-3.75,-9.74,-0.4375,0.04,0.0725000000,,,,,,,,,,
-3.375,-9.86,0.1875,-0.03,0.0726041667,,,,,,,,,,
-2.875,-8.5,0.8125,0.02,0.0727083333,,,,,,,,,,
-2.375,-4.04,1.4375,-0.01,0.0728125000,,,,,,,,,,
-2.125,0.77,2.0625,-0.03,0.0729166667,,,,,,,,,,
-3.6875,4.51,2.75,-0.07,0.0730208333,,,,,,,,,,
-3,6.77,3.3125,-0.02,0.0731250000,,,,,,,,,,
-2.125,8.35,3.875,0,0.0732291667,,,,,,,,,,
-1.3125,8.97,4.4375,-0.01,0.0733333333,,,,,,,,,,
-0.5,9.49,5,-0.02,0.0734375000,,,,,,,,,,
-0.0625,10.19,5.5625,-0.03,0.0735416667,,,,,,,,,,
0.875,10.23,6.0625,0.06,0.0736458333,,,,,,,,,,
1.6875,10.03,6.5,0.05,0.0737500000,,,,,,,,,,
2.1875,10.01,6.9375,-0.01,0.0738541667,,,,,,,,,,
2.875,10.2,7.3125,0,0.0739583333,,,,,,,,,,
3.4375,10.25,7.6875,-0.02,0.0740625000,,,,,,,,,,
3.8125,10.25,8,0.01,0.0741666667,,,,,,,,,,
4.0625,10.22,8.3125,0,0.0742708333,,,,,,,,,,
4.5,10.16,8.5625,-0.04,0.0743750000,,,,,,,,,,
4.8125,10.18,8.8125,0,0.0744791667,,,,,,,,,,
4.875,10.29,9,-0.04,0.0745833333,,,,,,,,,,
5,10.42,9.125,0.06,0.0746875000,,,,,,,,,,
5.25,10.09,9.1875,0.04,0.0747916667,,,,,,,,,,
5.375,9.99,9.25,-0.02,0.0748958333,,,,,,,,,,
5.4375,10.13,9.25,0.02,0.0750000000,,,,,,,,,,
5.5625,10.26,9.1875,-0.01,0.0751041667,,,,,,,,,,
5.75,10.22,9.0625,0.04,0.0752083333,,,,,,,,,,
5.875,10.12,8.875,-0.05,0.0753125000,,,,,,,,,,
6.0625,10.14,8.6875,0.01,0.0754166667,,,,,,,,,,
6.1875,10.26,8.4375,0.06,0.0755208333,,,,,,,,,,
6.1875,10.35,8.1875,0.03,0.0756250000,,,,,,,,,,
6.125,10.26,7.875,-0.03,0.0757291667,,,,,,,,,,
6.0625,10.03,7.5,-0.03,0.0758333333,,,,,,,,,,
5.9375,9.99,7.125,-0.01,0.0759375000,,,,,,,,,,
5.6875,10.14,6.6875,0,0.0760416667,,,,,,,,,,
5.3125,10.25,6.25,0,0.0761458333,,,,,,,,,,
4.9375,10.16,5.8125,-0.03,0.0762500000,,,,,,,,,,
4.625,10.04,5.3125,-0.04,0.0763541667,,,,,,,,,,
4.25,10.09,4.75,0.05,0.0764583333,,,,,,,,,,
3.9375,10.24,4.25,0.02,0.0765625000,,,,,,,,,,
3.625,10.35,3.6875,0,0.0766666667,,,,,,,,,,
3.25,10.17,3.125,-0.05,0.0767708333,,,,,,,,,,
2.9375,9.92,2.5,0.07,0.0768750000,,,,,,,,,,
2.625,9.98,1.9375,-0.03,0.0769791667,,,,,,,,,,
2.3125,10.1,1.3125,0,0.0770833333,,,,,,,,,,
1.875,9.52,0.6875,-0.02,0.0771875000,,,,,,,,,,
1.875,6.37,0.125,0.03,0.0772916667,,,,,,,,,,
1.125,3.97,-0.4375,0.01,0.0773958333,,,,,,,,,,
1.4375,-0.28,-1,0.01,0.0775000000,,,,,,,,,,
1.5625,-2.68,-1.5625,-0.04,0.0776041667,,,,,,,,,,
0.75,-5.38,-2.125,-0.02,0.0777083333,,,,,,,,,,
0.1875,-6.61,-2.6875,0.01,0.0778125000,,,,,,,,,,
-0.5,-7.61,-3.1875,0.01,0.0779166667,,,,,,,,,,
-0.5,-7.88,-3.6875,0.01,0.0780208333,,,,,,,,,,
-1.8125,-8,-4.1875,0.03,0.0781250000,,,,,,,,,,
-2.4375,-7.57,-4.625,0,0.0782291667,,,,,,,,,,
-2.875,-7.53,-5.0625,-0.01,0.0783333333,,,,,,,,,,
-2.875,-7.21,-5.4375,-0.03,0.0784375000,,,,,,,,,,
-4.0625,-7.91,-5.8125,0.01,0.0785416667,,,,,,,,,,
-4.5625,-8.89,-6.1875,-0.02,0.0786458333,,,,,,,,,,
-4.8125,-9.01,-6.4375,0.01,0.0787500000,,,,,,,,,,
-4.8125,-9.6,-6.6875,0.03,0.0788541667,,,,,,,,,,
-4.8125,-9.95,-6.9375,-0.04,0.0789583333,,,,,,,,,,
-4.8125,-10.17,-6.9375,-0.03,0.0790625000,,,,,,,,,,
-5.375,-10.02,-7.125,0.01,0.0791666667,,,,,,,,,,
-5.625,-9.84,-7.25,-0.02,0.0792708333,,,,,,,,,,
-6,-9.97,-7.4375,0.03,0.0793750000,,,,,,,,,,
-6,-10.28,-7.5,0.01,0.0794791667,,,,,,,,,,
-6.3125,-10.33,-7.5,-0.02,0.0795833333,,,,,,,,,,
-6.3125,-10.08,-7.5,0.04,0.0796875000,,,,,,,,,,
-6.5,-9.81,-7.5,0.04,0.0797916667,,,,,,,,,,
-6.5,-9.79,-7.375,0.04,0.0798958333,,,,,,,,,,
-6.6875,-10,-7.25,0.03,0.0800000000,,,,,,,,,,
-6.8125,-10.24,-7.25,0.03,0.0801041667,,,,,,,,,,
-6.8125,-10.1,-6.9375,0,0.0802083333,,,,,,,,,,
-6.8125,-9.93,-6.9375,-0.03,0.0803125000,,,,,,,,,,
-6.9375,-9.99,-6.4375,0.02,0.0804166667,,,,,,,,,,
-6.9375,-10.14,-6.4375,-0.01,0.0805208333,,,,,,,,,,
-6.75,-10.41,-6.125,0.03,0.0806250000,,,,,,,,,,
-6.5625,-10.04,-5.4375,0.04,0.0807291667,,,,,,,,,,
-6.375,-9.83,-5,-0.01,0.0808333333,,,,,,,,,,
-5.8125,-9.79,-4.5625,-0.02,0.0809375000,,,,,,,,,,
-5.8125,-10,-4.5625,-0.02,0.0810416667,,,,,,,,,,
-5.5,-10.15,-4.125,0,0.0811458333,,,,,,,,,,
-5.125,-10.03,-3.6875,-0.02,0.0812500000,,,,,,,,,,
-4.875,-9.89,-3.1875,-0.05,0.0813541667,,,,,,,,,,
-4.5625,-9.92,-2.6875,-0.01,0.0814583333,,,,,,,,,,
-4,-10.2,-2.25,0,0.0815625000,,,,,,,,,,
-4,-10.36,-1.6875,0,0.0816666667,,,,,,,,,,
-3.6875,-10.1,-1.1875,0.05,0.0817708333,,,,,,,,,,
-3,-9.16,-0.625,0.02,0.0818750000,,,,,,,,,,
-3,-5.73,0.5,0.01,0.0819791667,,,,,,,,,,
-2.625,-2.58,0.5,-0.01,0.0820833333,,,,,,,,,,
-2.875,2.5,1.6875,0.07,0.0821875000,,,,,,,,,,
-3.8125,5.33,1.6875,-0.05,0.0822916667,,,,,,,,,,
-2.9375,7.37,2.25,-0.03,0.0823958333,,,,,,,,,,
-2.25,8.52,2.8125,-0.01,0.0825000000,,,,,,,,,,
-1.3125,9.24,3.375,-0.01,0.0826041667,,,,,,,,,,
-0.875,9.77,4.375,-0.01,0.0827083333,,,,,,,,,,
-0.25,9.98,4.375,-0.03,0.0828125000,,,,,,,,,,
0.5,9.96,4.875,0,0.0829166667,,,,,,,,,,
1.0625,10.12,5.75,-0.05,0.0830208333,,,,,,,,,,
1.4375,10.34,5.75,-0.06,0.0831250000,,,,,,,,,,
1.875,10.32,6.125,0.02,0.0832291667,,,,,,,,,,
2.375,10.14,6.5,0,0.0833333333,,,,,,,,,,
2.6875,10.16,6.8125,-0.01,0.0834375000,,,,,,,,,,
3,10.34,7.125,0.03,0.0835416667,,,,,,,,,,
3.3125,10.39,7.4375,-0.03,0.0836458333,,,,,,,,,,
3.5625,10.27,7.6875,0.03,0.0837500000,,,,,,,,,,
3.6875,10.15,7.9375,0.05,0.0838541667,,,,,,,,,,
3.9375,10.12,8.125,0.07,0.0839583333,,,,,,,,,,
4.125,10.17,8.25,0.02,0.0840625000,,,,,,,,,,
4.1875,10.32,8.4375,-0.09,0.0841666667,,,,,,,,,,
4.25,10.24,8.5,0.01,0.0842708333,,,,,,,,,,
4.5,10.06,8.5,0.07,0.0843750000,,,,,,,,,,
4.625,10.08,8.5,-0.05,0.0844791667,,,,,,,,,,
4.75,10.33,8.375,-0.01,0.0845833333,,,,,,,,,,
4.8125,10.41,8.25,-0.01,0.0846875000,,,,,,,,,,
4.875,10.2,8.125,0.02,0.0847916667,,,,,,,,,,
4.875,10,7.9375,0.05,0.0848958333,,,,,,,,,,
4.8125,10.09,7.6875,-0.03,0.0850000000,,,,,,,,,,
4.75,10.21,7.375,-0.01,0.0851041667,,,,,,,,,,
4.5625,10.23,7.0625,-0.02,0.0852083333,,,,,,,,,,
4.3125,10.19,6.75,-0.01,0.0853125000,,,,,,,,,,
4.125,10.06,6.375,0,0.0854166667,,,,,,,,,,
3.875,10.15,6.0625,0.02,0.0855208333,,,,,,,,,,
3.625,10.26,5.625,0.06,0.0856250000,,,,,,,,,,
3.3125,10.36,5.25,-0.04,0.0857291667,,,,,,,,,,
3.0625,10.11,4.75,-0.02,0.0858333333,,,,,,,,,,
2.8125,9.96,4.3125,0.05,0.0859375000,,,,,,,,,,
2.5,10.03,3.8125,0.06,0.0860416667,,,,,,,,,,
2.1875,9.34,3.3125,0.04,0.0861458333,,,,,,,,,,
1.875,6.3,2.75,0.02,0.0862500000,,,,,,,,,,
1.625,3.8,2.1875,0,0.0863541667,,,,,,,,,,
1.9375,0.11,1.6875,0.01,0.0864583333,,,,,,,,,,
2.5,-2.33,1.125,0,0.0865625000,,,,,,,,,,
1.5625,-4.25,0.5625,0.02,0.0866666667,,,,,,,,,,
1.375,-4.8,0.0625,0,0.0867708333,,,,,,,,,,
0.5,-5.5,-0.4375,0.02,0.0868750000,,,,,,,,,,
0.0625,-6.16,-0.9375,-0.02,0.0869791667,,,,,,,,,,
-0.5,-6.45,-1.4375,0.04,0.0870833333,,,,,,,,,,
-1.0625,-6.49,-1.9375,0.02,0.0871875000,,,,,,,,,,
-1.375,-6.61,-2.375,-0.03,0.0872916667,,,,,,,,,,
-1.9375,-6.45,-2.8125,-0.01,0.0873958333,,,,,,,,,,
-2.5625,-5.76,-3.1875,-0.01,0.0875000000,,,,,,,,,,
-3,-5.82,-3.625,-0.03,0.0876041667,,,,,,,,,,
-3.4375,-6.68,-4,0,0.0877083333,,,,,,,,,,
-4,-8.26,-4.375,0.02,0.0878125000,,,,,,,,,,
-4.1875,-8.5,-4.75,-0.05,0.0879166667,,,,,,,,,,
-4,-9.56,-5.0625,-0.02,0.0880208333,,,,,,,,,,
-3.75,-9.99,-5.3125,0.02,0.0881250000,,,,,,,,,,
-4.5,-10.1,-5.5625,-0.07,0.0882291667,,,,,,,,,,
-4.8125,-9.87,-5.75,0.02,0.0883333333,,,,,,,,,,
-4.875,-9.83,-5.875,0.01,0.0884375000,,,,,,,,,,
-5.0625,-10.06,-6,0.03,0.0885416667,,,,,,,,,,
-5.375,-10.31,-6.0625,-0.01,0.0886458333,,,,,,,,,,
-5.625,-10.2,-6.125,0.01,0.0887500000,,,,,,,,,,
-5.75,-10,-6.125,0.01,0.0888541667,,,,,,,,,,
-5.875,-9.71,-6.125,-0.01,0.0889583333,,,,,,,,,,
-6.1875,-9.86,-6.0625,-0.02,0.0890625000,,,,,,,,,,
-6.25,-10.05,-6,0.02,0.0891666667,,,,,,,,,,
-6.25,-10.26,-5.9375,-0.02,0.0892708333,,,,,,,,,,
-6.3125,-10.06,-5.875,0,0.0893750000,,,,,,,,,,
-6.375,-9.9,-5.6875,0,0.0894791667,,,,,,,,,,
-6.3125,-9.95,-5.5,-0.01,0.0895833333,,,,,,,,,,
-6.125,-10.34,-5.3125,0.04,0.0896875000,,,,,,,,,,
-6,-10.27,-5.0625,0.05,0.0897916667,,,,,,,,,,
-5.875,-9.92,-4.8125,-0.02,0.0898958333,,,,,,,,,,
-5.6875,-9.74,-4.4375,-0.02,0.0900000000,,,,,,,,,,
-5.4375,-9.78,-4.125,-0.02,0.0901041667,,,,,,,,,,
-5.25,-10.1,-3.75,0,0.0902083333,,,,,,,,,,
-5,-10.17,-3.3125,0,0.0903125000,,,,,,,,,,
-4.75,-9.99,-2.875,-0.01,0.0904166667,,,,,,,,,,
-4.5625,-9.93,-2.4375,-0.01,0.0905208333,,,,,,,,,,
-4.375,-9.96,-2,0.01,0.0906250000,,,,,,,,,,
-4.1875,-10.21,-1.5625,-0.03,0.0907291667,,,,,,,,,,
-3.8125,-10.32,-1.0625,-0.07,0.0908333333,,,,,,,,,,
-3.5625,-9.94,-0.5625,0.07,0.0909375000,,,,,,,,,,
-3.3125,-8.65,-0.0625,0,0.0910416667,,,,,,,,,,
-2.9375,-5.7,0.4375,0.01,0.0911458333,,,,,,,,,,
-2.5625,-2.53,0.9375,-0.01,0.0912500000,,,,,,,,,,
-2.8125,2.32,1.4375,0.03,0.0913541667,,,,,,,,,,
-3.75,5.36,1.9375,-0.01,0.0914583333,,,,,,,,,,
-3.125,7.42,2.5,-0.01,0.0915625000,,,,,,,,,,
-2.5625,8.38,3,0.01,0.0916666667,,,,,,,,,,
-1.6875,9.19,3.5,-0.08,0.0917708333,,,,,,,,,,
-1.375,9.75,4,0.01,0.0918750000,,,,,,,,,,
-0.75,10.02,4.4375,0.04,0.0919791667,,,,,,,,,,
-0.125,9.89,4.875,0,0.0920833333,,,,,,,,,,
0.375,10.05,5.3125,0.04,0.0921875000,,,,,,,,,,
0.6875,10.21,5.75,-0.07,0.0922916667,,,,,,,,,,
1.0625,10.29,6.125,-0.02,0.0923958333,,,,,,,,,,
1.5625,10.2,6.5,-0.01,0.0925000000,,,,,,,,,,
1.9375,10.11,6.8125,0.03,0.0926041667,,,,,,,,,,
2.3125,10.27,7.0625,-0.03,0.0927083333,,,,,,,,,,
2.5625,10.4,7.375,0.03,0.0928125000,,,,,,,,,,
2.75,10.34,7.625,-0.01,0.0929166667,,,,,,,,,,
2.875,10.13,7.8125,-0.04,0.0930208333,,,,,,,,,,
3.0625,10.01,8,0,0.0931250000,,,,,,,,,,
3.25,10.09,8.1875,-0.01,0.0932291667,,,,,,,,,,
3.3125,10.27,8.3125,0.01,0.0933333333,,,,,,,,,,
3.375,10.28,8.375,0.01,0.0934375000,,,,,,,,,,
3.5,10.21,8.375,0.03,0.0935416667,,,,,,,,,,
3.6875,10.08,8.375,-0.03,0.0936458333,,,,,,,,,,
3.8125,10.25,8.3125,0.01,0.0937500000,,,,,,,,,,
3.9375,10.41,8.25,-0.02,0.0938541667,,,,,,,,,,
4,10.28,8.125,-0.01,0.0939583333,,,,,,,,,,
4,10.04,8,0.03,0.0940625000,,,,,,,,,,
4.0625,9.99,7.8125,-0.01,0.0941666667,,,,,,,,,,
3.875,10.14,7.5625,-0.03,0.0942708333,,,,,,,,,,
3.75,10.28,7.3125,-0.02,0.0943750000,,,,,,,,,,
3.5625,10.18,7,-0.05,0.0944791667,,,,,,,,,,
3.375,10.06,6.6875,-0.02,0.0945833333,,,,,,,,,,
3.375,10.04,6.375,-0.01,0.0946875000,,,,,,,,,,
2.9375,10.15,6,-0.01,0.0947916667,,,,,,,,,,
2.9375,10.3,5.625,-0.03,0.0948958333,,,,,,,,,,
2.6875,10.14,5.1875,-0.01,0.0950000000,,,,,,,,,,
2.3125,9.83,4.75,0.01,0.0951041667,,,,,,,,,,
2.3125,8.14,4.75,0.03,0.0952083333,,,,,,,,,,
1.9375,6.2,3.875,-0.05,0.0953125000,,,,,,,,,,
2.5,3.51,3.375,0.04,0.0954166667,,,,,,,,,,
2.5,0.76,2.875,0.03,0.0955208333,,,,,,,,,,
2.5,-1,2.375,0.03,0.0956250000,,,,,,,,,,
1.6875,-1.95,1.875,-0.01,0.0957291667,,,,,,,,,,
0.9375,-2.27,1.4375,-0.04,0.0958333333,,,,,,,,,,
0.9375,-2.98,0.9375,-0.01,0.0959375000,,,,,,,,,,
0.625,-3.75,0.4375,0.04,0.0960416667,,,,,,,,,,
-0.1875,-4.51,0.4375,0.05,0.0961458333,,,,,,,,,,
-0.5,-5.12,-0.5,-0.01,0.0962500000,,,,,,,,,,
-0.5,-5.46,-0.5,-0.05,0.0963541667,,,,,,,,,,
-1.5,-5.59,-1.375,0.01,0.0964583333,,,,,,,,,,
-1.5,-5.43,-1.375,-0.02,0.0965625000,,,,,,,,,,
-2.25,-5.11,-1.8125,0.01,0.0966666667,,,,,,,,,,
-2.6875,-4.51,-2.6875,0,0.0967708333,,,,,,,,,,
-2.6875,-4.66,-2.6875,0.02,0.0968750000,,,,,,,,,,
-3.0625,-5.11,-3.0625,0.03,0.0969791667,,,,,,,,,,
-3.4375,-6.61,-3.375,-0.06,0.0970833333,,,,,,,,,,
-3.5625,-7.5,-4.0625,-0.03,0.0971875000,,,,,,,,,,
-3.5625,-9.1,-4.0625,0.07,0.0972916667,,,,,,,,,,
-2.9375,-9.76,-4.5625,-0.01,0.0973958333,,,,,,,,,,
-3.5,-9.86,-4.5625,-0.01,0.0975000000,,,,,,,,,,
-4.0625,-9.84,-4.8125,-0.02,0.0976041667,,,,,,,,,,
-4.25,-9.87,-5,0.01,0.0977083333,,,,,,,,,,
-4.4375,-10.09,-5.125,0.04,0.0978125000,,,,,,,,,,
-4.625,-10.32,-5.25,-0.01,0.0979166667,,,,,,,,,,
-4.9375,-10.08,-5.3125,-0.1,0.0980208333,,,,,,,,,,
-5.125,-9.84,-5.4375,0.01,0.0981250000,,,,,,,,,,
-5.125,-9.74,-5.4375,0.01,0.0982291667,,,,,,,,,,
-5.375,-9.94,-5.4375,0,0.0983333333,,,,,,,,,,
-5.5,-10,-5.375,-0.03,0.0984375000,,,,,,,,,,
-5.4375,-10.21,-5.375,0.02,0.0985416667,,,,,,,,,,
-5.375,-10.08,-5.3125,0,0.0986458333,,,,,,,,,,
-5.5,-9.92,-5.25,0.03,0.0987500000,,,,,,,,,,
-5.4375,-10,-5.125,0.04,0.0988541667,,,,,,,,,,
-5.25,-10.34,-4.9375,0.01,0.0989583333,,,,,,,,,,
-5.125,-10.29,-4.75,0,0.0990625000,,,,,,,,,,
-5.0625,-9.81,-4.5625,0.04,0.0991666667,,,,,,,,,,
-4.875,-9.74,-4.25,0.03,0.0992708333,,,,,,,,,,
-4.6875,-9.86,-4,0.04,0.0993750000,,,,,,,,,,
-4.5625,-10.11,-3.6875,-0.02,0.0994791667,,,,,,,,,,
-4.3125,-10.12,-3.3125,0,0.0995833333,,,,,,,,,,
-4.0625,-9.92,-2.9375,0.02,0.0996875000,,,,,,,,,,
-3.875,-9.89,-2.5625,-0.04,0.0997916667,,,,,,,,,,
-3.75,-10.01,-2.1875,-0.05,0.0998958333,,,,,,,,,,
-3.5,-10.07,-1.75,-0.05,0.1000000000,,,,,,,,,,
-3.25,-7.01,-1.3125,0.01,0.1001041667,,,,,,,,,,
-3,-5.1,-0.875,0.01,0.1002083333,,,,,,,,,,
-2.875,-0.34,-0.375,0.05,0.1003125000,,,,,,,,,,
-4,2.64,0.0625,-0.02,0.1004166667,,,,,,,,,,
-3.6875,5.69,0.5625,-0.03,0.1005208333,,,,,,,,,,
-3.625,6.96,1,0.05,0.1006250000,,,,,,,,,,
-2.875,6.63,1.5,0,0.1007291667,,,,,,,,,,
-2.3125,7.14,2,-0.03,0.1008333333,,,,,,,,,,
-1.6875,8.59,2.4375,-0.04,0.1009375000,,,,,,,,,,
-0.75,9.05,2.875,-0.05,0.1010416667,,,,,,,,,,
-0.3125,9.47,3.3125,0.05,0.1011458333,,,,,,,,,,
-0.625,10.1,3.75,-0.01,0.1012500000,,,,,,,,,,
-0.3125,10.31,4.125,0,0.1013541667,,,,,,,,,,
0.5625,10.1,4.5625,-0.03,0.1014583333,,,,,,,,,,
1,10.14,4.9375,-0.02,0.1015625000,,,,,,,,,,
1.125,10.39,5.3125,-0.06,0.1016666667,,,,,,,,,,
1.375,10.35,5.6875,-0.02,0.1017708333,,,,,,,,,,
1.625,10.17,5.9375,0,0.1018750000,,,,,,,,,,
1.875,9.97,6.25,-0.04,0.1019791667,,,,,,,,,,
2,10.02,6.5,-0.02,0.1020833333,,,,,,,,,,
2.125,10.27,6.75,0.02,0.1021875000,,,,,,,,,,
2.25,10.24,6.9375,0.01,0.1022916667,,,,,,,,,,
2.3125,10.14,7.125,0.06,0.1023958333,,,,,,,,,,
2.4375,10.12,7.25,0.04,0.1025000000,,,,,,,,,,
2.75,10.18,7.375,-0.03,0.1026041667,,,,,,,,,,
3,10.4,7.4375,-0.01,0.1027083333,,,,,,,,,,
3.125,10.34,7.5,0.03,0.1028125000,,,,,,,,,,
3.25,10.16,7.5,0.04,0.1029166667,,,,,,,,,,
3.4375,10,7.4375,-0.03,0.1030208333,,,,,,,,,,
3.5,10.1,7.375,-0.01,0.1031250000,,,,,,,,,,
3.5,10.32,7.3125,0.03,0.1032291667,,,,,,,,,,
3.4375,10.25,7.1875,0.01,0.1033333333,,,,,,,,,,
3.375,10.08,7,0.03,0.1034375000,,,,,,,,,,
3.1875,10.07,6.8125,0,0.1035416667,,,,,,,,,,
3.0625,10.15,6.625,0,0.1036458333,,,,,,,,,,
2.875,10.33,6.3125,0,0.1037500000,,,,,,,,,,
2.75,10.27,6.0625,0,0.1038541667,,,,,,,,,,
2.5625,9.71,5.75,0.01,0.1039583333,,,,,,,,,,
2.5,8.07,5.375,0.01,0.1040625000,,,,,,,,,,
2.4375,6.64,5.0625,-0.03,0.1041666667,,,,,,,,,,
2.375,4.24,4.6875,0.01,0.1042708333,,,,,,,,,,
2.875,2.32,4.25,-0.04,0.1043750000,,,,,,,,,,
3.125,0.72,3.875,0.04,0.1044791667,,,,,,,,,,
2.75,0.23,3.4375,-0.01,0.1045833333,,,,,,,,,,
2.5625,0.96,3,0.04,0.1046875000,,,,,,,,,,
1.9375,1.19,2.5625,-0.04,0.1047916667,,,,,,,,,,
1.4375,0.4,2.125,-0.01,0.1048958333,,,,,,,,,,
0.8125,-0.68,1.6875,0,0.1050000000,,,,,,,,,,
0.125,-1.96,1.25,0.03,0.1051041667,,,,,,,,,,
0.1875,-3.94,0.75,-0.03,0.1052083333,,,,,,,,,,
0.5,-5.18,0.3125,0,0.1053125000,,,,,,,,,,
0.1875,-5.87,-0.125,0.02,0.1054166667,,,,,,,,,,
-0.4375,-6.36,-0.5625,-0.02,0.1055208333,,,,,,,,,,
-0.625,-6.31,-1,0,0.1056250000,,,,,,,,,,
-1.0625,-6.39,-1.375,0,0.1057291667,,,,,,,,,,
-1.3125,-5.6,-1.8125,0.01,0.1058333333,,,,,,,,,,
-1.6875,-5.13,-2.1875,0.02,0.1059375000,,,,,,,,,,
-2,-4.75,-2.5625,0.04,0.1060416667,,,,,,,,,,
-2.375,-4.18,-2.9375,-0.02,0.1061458333,,,,,,,,,,
-2.875,-3.94,-3.25,-0.03,0.1062500000,,,,,,,,,,
-3,-4.54,-3.5625,-0.06,0.1063541667,,,,,,,,,,
-3.1875,-6.21,-3.875,-0.02,0.1064583333,,,,,,,,,,
-3.375,-7.2,-4.125,0.02,0.1065625000,,,,,,,,,,
-3.4375,-8.92,-4.375,0.01,0.1066666667,,,,,,,,,,
-2.9375,-9.48,-4.625,0.05,0.1067708333,,,,,,,,,,
-3.3125,-9.76,-4.75,0,0.1068750000,,,,,,,,,,
-3.8125,-9.79,-4.9375,-0.06,0.1069791667,,,,,,,,,,
-4.0625,-9.78,-5.0625,0,0.1070833333,,,,,,,,,,
-4.125,-10.17,-5.125,0,0.1071875000,,,,,,,,,,
-4.125,-10.4,-5.1875,-0.01,0.1072916667,,,,,,,,,,
-4.375,-9.93,-5.25,0,0.1073958333,,,,,,,,,,
-4.3125,-9.76,-5.25,0.03,0.1075000000,,,,,,,,,,
-4.5,-9.71,-5.1875,0.01,0.1076041667,,,,,,,,,,
-4.5625,-10,-5.1875,-0.02,0.1077083333,,,,,,,,,,
-4.5,-10.06,-5.125,-0.04,0.1078125000,,,,,,,,,,
-4.5,-10.1,-5,0.05,0.1079166667,,,,,,,,,,
-4.625,-9.89,-4.9375,-0.02,0.1080208333,,,,,,,,,,
-4.6875,-9.86,-4.8125,-0.02,0.1081250000,,,,,,,,,,
-4.5,-10.12,-4.625,-0.03,0.1082291667,,,,,,,,,,
-4.4375,-10.41,-4.4375,0,0.1083333333,,,,,,,,,,
-4.375,-10.09,-4.1875,0,0.1084375000,,,,,,,,,,
-4.125,-9.77,-3.9375,-0.02,0.1085416667,,,,,,,,,,
-3.9375,-9.79,-3.6875,0.02,0.1086458333,,,,,,,,,,
-3.75,-10.05,-3.375,0,0.1087500000,,,,,,,,,,
-3.4375,-10.11,-3,0.02,0.1088541667,,,,,,,,,,
-3.1875,-9.95,-2.6875,-0.03,0.1089583333,,,,,,,,,,
-3.0625,-7.76,-2.3125,0,0.1090625000,,,,,,,,,,
-2.9375,-4.92,-1.875,0,0.1091666667,,,,,,,,,,
-3.5625,-0.66,-1.5,0.06,0.1092708333,,,,,,,,,,
-4.5625,3.49,-1.0625,0.02,0.1093750000,,,,,,,,,,
-4,5.37,-0.625,0.01,0.1094791667,,,,,,,,,,
-3.875,3.21,-0.1875,-0.03,0.1095833333,,,,,,,,,,
-2.5,0.34,0.1875,0.02,0.1096875000,,,,,,,,,,
-0.625,-3.06,0.625,-0.01,0.1097916667,,,,,,,,,,
-0.1875,-1.08,1.0625,-0.02,0.1098958333,,,,,,,,,,
-0.75,2.39,1.5,0,0.1100000000,,,,,,,,,,
-1.6875,5.17,1.9375,-0.04,0.1101041667,,,,,,,,,,
-2.75,8.12,2.3125,0.01,0.1102083333,,,,,,,,,,
-0.3125,8.71,2.75,-0.01,0.1103125000,,,,,,,,,,
-0.3125,9.19,3.1875,-0.06,0.1104166667,,,,,,,,,,
-0.5,9.62,3.5625,0.01,0.1105208333,,,,,,,,,,
0.125,9.95,3.9375,0.08,0.1106250000,,,,,,,,,,
0.5625,10.28,4.3125,0.01,0.1107291667,,,,,,,,,,
0.8125,10.21,4.6875,0.01,0.1108333333,,,,,,,,,,
0.75,10.17,5,-0.01,0.1109375000,,,,,,,,,,
1.25,9.97,5.375,-0.03,0.1110416667,,,,,,,,,,
1.5625,9.98,5.6875,-0.01,0.1111458333,,,,,,,,,,
1.5625,10.17,5.9375,0.03,0.1112500000,,,,,,,,,,
1.5625,10.06,6.1875,-0.02,0.1113541667,,,,,,,,,,
1.5625,10.13,6.375,0.03,0.1114583333,,,,,,,,,,
1.875,10.05,6.5625,0.03,0.1115625000,,,,,,,,,,
2.3125,10.16,6.6875,-0.02,0.1116666667,,,,,,,,,,
2.5625,10.34,6.875,-0.02,0.1117708333,,,,,,,,,,
2.5625,10.38,6.9375,0,0.1118750000,,,,,,,,,,
2.875,10.06,7,-0.02,0.1119791667,,,,,,,,,,
2.75,9.91,7,0.02,0.1120833333,,,,,,,,,,
2.8125,10.14,7.0625,0,0.1121875000,,,,,,,,,,
2.8125,10.22,7.0625,0.02,0.1122916667,,,,,,,,,,
2.625,10.18,7,-0.04,0.1123958333,,,,,,,,,,
2.625,10.14,6.9375,0,0.1125000000,,,,,,,,,,
2.5625,10.07,6.875,0.03,0.1126041667,,,,,,,,,,
2.625,9.7,6.75,-0.02,0.1127083333,,,,,,,,,,
2.3125,8.81,6.75,0.03,0.1128125000,,,,,,,,,,
2.3125,7.65,6.375,-0.01,0.1129166667,,,,,,,,,,
3,5.55,6.125,-0.03,0.1130208333,,,,,,,,,,
3,3.96,5.875,0.02,0.1131250000,,,,,,,,,,
3,3.4,5.5625,-0.01,0.1132291667,,,,,,,,,,
3,3.41,5.25,0,0.1133333333,,,,,,,,,,
3,5.06,5.25,0,0.1134375000,,,,,,,,,,
2.5,4.89,4.9375,0,0.1135416667,,,,,,,,,,
2.0625,5.41,4.1875,0,0.1136458333,,,,,,,,,,
1,4.14,3.8125,-0.01,0.1137500000,,,,,,,,,,
1,2.13,3.375,-0.01,0.1138541667,,,,,,,,,,
1.125,-0.87,3.375,-0.01,0.1139583333,,,,,,,,,,
1.5,-3.01,3,0.01,0.1140625000,,,,,,,,,,
1.875,-4.48,2.1875,-0.01,0.1141666667,,,,,,,,,,
1.125,-5.41,1.75,0.01,0.1142708333,,,,,,,,,,
1.0625,-5.63,1.75,0.01,0.1143750000,,,,,,,,,,
0.375,-5.85,1.375,-0.04,0.1144791667,,,,,,,,,,
0.375,-6.05,0.9375,-0.02,0.1145833333,,,,,,,,,,
0,-5.72,0.125,0.02,0.1146875000,,,,,,,,,,
-0.4375,-5.01,-0.25,0,0.1147916667,,,,,,,,,,
-0.5625,-4.76,-0.25,0.02,0.1148958333,,,,,,,,,,
-0.875,-4.13,-1,-0.05,0.1150000000,,,,,,,,,,
-1.375,-3.56,-1,-0.04,0.1151041667,,,,,,,,,,
-1.9375,-3.31,-1.75,0.05,0.1152083333,,,,,,,,,,
-1.9375,-2.95,-2.125,0.02,0.1153125000,,,,,,,,,,
-2.375,-2.72,-2.125,0.02,0.1154166667,,,,,,,,,,
-2.625,-2.93,-2.4375,-0.01,0.1155208333,,,,,,,,,,
-2.8125,-3.58,-2.6875,-0.02,0.1156250000,,,,,,,,,,
-2.9375,-4.76,-2.9375,0.03,0.1157291667,,,,,,,,,,
-2.9375,-5.73,-3.1875,-0.01,0.1158333333,,,,,,,,,,
-2.875,-7.28,-3.4375,-0.06,0.1159375000,,,,,,,,,,
-2.375,-8,-3.625,-0.02,0.1160416667,,,,,,,,,,
-2.625,-8.23,-3.8125,0.03,0.1161458333,,,,,,,,,,
-2.75,-7.38,-3.9375,0.04,0.1162500000,,,,,,,,,,
-2.875,-6.11,-4.0625,-0.03,0.1163541667,,,,,,,,,,
-3.1875,-6.02,-4.125,-0.02,0.1164583333,,,,,,,,,,
-3.5,-5.6,-4.1875,0.02,0.1165625000,,,,,,,,,,
-4.375,-6.47,-4.25,0.01,0.1166666667,,,,,,,,,,
-4.375,-8.05,-4.25,0,0.1167708333,,,,,,,,,,
-4.0625,-8.97,-4.25,-0.04,0.1168750000,,,,,,,,,,
-3.875,-9.4,-4.25,-0.01,0.1169791667,,,,,,,,,,
-3.3125,-9.72,-4.1875,-0.02,0.1170833333,,,,,,,,,,
-4,-9.91,-4.125,-0.01,0.1171875000,,,,,,,,,,
-4,-10.19,-4,0.01,0.1172916667,,,,,,,,,,
-3.875,-10.09,-3.875,-0.05,0.1173958333,,,,,,,,,,
-3.75,-9.96,-3.6875,0.03,0.1175000000,,,,,,,,,,
-3.6875,-9.89,-3.5,0.02,0.1176041667,,,,,,,,,,
-3.6875,-10.11,-3.3125,0,0.1177083333,,,,,,,,,,
-3.4375,-10.21,-3.0625,-0.01,0.1178125000,,,,,,,,,,
-3.1875,-10.09,-2.8125,0.03,0.1179166667,,,,,,,,,,
-3.125,-7.73,-2.5,0.03,0.1180208333,,,,,,,,,,
-3.0625,-6.02,-2.1875,0.06,0.1181250000,,,,,,,,,,
-3,-2.8,-1.875,-0.01,0.1182291667,,,,,,,,,,
-3.6875,0.06,-1.5,0.04,0.1183333333,,,,,,,,,,
-4.4375,1.53,-1.1875,0.01,0.1184375000,,,,,,,,,,
-4,0.35,-0.8125,-0.01,0.1185416667,,,,,,,,,,
-3.9375,-3.06,-0.4375,-0.07,0.1186458333,,,,,,,,,,
-3.125,-6.33,0,-0.03,0.1187500000,,,,,,,,,,
-2,-7.63,0.375,-0.01,0.1188541667,,,,,,,,,,
-0.0625,-4.23,0.8125,0.02,0.1189583333,,,,,,,,,,
-1.0625,-1,1.1875,-0.02,0.1190625000,,,,,,,,,,
-0.9375,4.21,1.5625,-0.03,0.1191666667,,,,,,,,,,
-2.125,6.64,2,-0.04,0.1192708333,,,,,,,,,,
-2.5625,7.76,2.375,-0.01,0.1193750000,,,,,,,,,,
-1.125,9.11,2.75,0.02,0.1194791667,,,,,,,,,,
-1.6875,9.52,3.125,0.01,0.1195833333,,,,,,,,,,
-0.6875,9.84,3.5,-0.04,0.1196875000,,,,,,,,,,
-0.5,10.15,3.875,0.02,0.1197916667,,,,,,,,,,
-0.4375,9.97,4.25,0.03,0.1198958333,,,,,,,,,,
-0.1875,9.87,4.5625,-0.01,0.1200000000,,,,,,,,,,
0.1875,10.08,4.875,0.01,0.1201041667,,,,,,,,,,
0.5,10.16,5.1875,-0.02,0.1202083333,,,,,,,,,,
0.6875,10.25,5.5625,-0.02,0.1203125000,,,,,,,,,,
0.9375,10.1,5.8125,0.01,0.1204166667,,,,,,,,,,
1.1875,10.09,6.0625,-0.01,0.1205208333,,,,,,,,,,
1.5,10.35,6.3125,0.01,0.1206250000,,,,,,,,,,
1.875,10.42,6.5,0.01,0.1207291667,,,,,,,,,,
2.125,10.33,6.625,-0.02,0.1208333333,,,,,,,,,,
2.125,9.91,6.8125,-0.02,0.1209375000,,,,,,,,,,
2.125,9.53,6.9375,-0.02,0.1210416667,,,,,,,,,,
2.125,8.98,7,0.05,0.1211458333,,,,,,,,,,
2.0625,8.19,7,-0.02,0.1212500000,,,,,,,,,,
2.125,7.46,7.0625,0,0.1213541667,,,,,,,,,,
2.25,6.33,7.0625,0.01,0.1214583333,,,,,,,,,,
2.6875,5.32,7.0625,0.01,0.1215625000,,,,,,,,,,
2.5,4.93,7.0625,0,0.1216666667,,,,,,,,,,
2.625,4.82,7,0.01,0.1217708333,,,,,,,,,,
2.5625,4.96,6.9375,-0.03,0.1218750000,,,,,,,,,,
2.4375,5.07,6.8125,-0.01,0.1219791667,,,,,,,,,,
2.375,5.01,6.6875,-0.01,0.1220833333,,,,,,,,,,
2.3125,4.66,6.5,0.03,0.1221875000,,,,,,,,,,
2.3125,3.53,6.3125,-0.01,0.1222916667,,,,,,,,,,
2.25,3.11,6.0625,0.02,0.1223958333,,,,,,,,,,
2.4375,1.93,5.75,0.01,0.1225000000,,,,,,,,,,
2.25,1.36,5.4375,0.06,0.1226041667,,,,,,,,,,
1.9375,0.81,5.125,-0.05,0.1227083333,,,,,,,,,,
1.75,0.38,4.8125,-0.04,0.1228125000,,,,,,,,,,
1.4375,-0.13,4.4375,0.06,0.1229166667,,,,,,,,,,
1.3125,-0.81,4.125,0.01,0.1230208333,,,,,,,,,,
1.125,-1.39,3.75,-0.03,0.1231250000,,,,,,,,,,
1.0625,-2.11,3.375,-0.04,0.1232291667,,,,,,,,,,
1,-2.68,3,-0.03,0.1233333333,,,,,,,,,,
0.875,-2.97,2.625,-0.01,0.1234375000,,,,,,,,,,
0.625,-3.06,2.25,0.04,0.1235416667,,,,,,,,,,
0.375,-3.05,1.875,0.02,0.1236458333,,,,,,,,,,
0.125,-3.04,1.5,0.01,0.1237500000,,,,,,,,,,
-0.1875,-2.82,1.125,-0.03,0.1238541667,,,,,,,,,,
-0.4375,-2.54,0.75,0,0.1239583333,,,,,,,,,,
-0.6875,-2.23,0.375,0.02,0.1240625000,,,,,,,,,,
-1.0625,-2.12,0,-0.03,0.1241666667,,,,,,,,,,
-1.375,-1.86,-0.375,-0.01,0.1242708333,,,,,,,,,,
-1.6875,-1.54,-0.75,0.01,0.1243750000,,,,,,,,,,
-1.9375,-1.42,-1.0625,0,0.1244791667,,,,,,,,,,
-2,-1.16,-1.4375,0.03,0.1245833333,,,,,,,,,,
-2.125,-1.46,-1.75,0.02,0.1246875000,,,,,,,,,,
-2.1875,-1.79,-2,0.06,0.1247916667,,,,,,,,,,
-2.25,-2.12,-2.3125,0.02,0.1248958333,,,,,,,,,,
-2.3125,-2.4,-2.5,0.02,0.1250000000,,,,,,,,,,
-2.25,-2.81,-2.75,-0.04,0.1251041667,,,,,,,,,,
-2.5,-3.05,-2.9375,0.02,0.1252083333,,,,,,,,,,
-2.6875,-3.19,-3.125,-0.01,0.1253125000,,,,,,,,,,
-2.875,-3.42,-3.25,0.04,0.1254166667,,,,,,,,,,
-3.125,-3.84,-3.375,0.04,0.1255208333,,,,,,,,,,
-3.1875,-4.68,-3.5,0.03,0.1256250000,,,,,,,,,,
-3.25,-6.02,-3.5625,-0.01,0.1257291667,,,,,,,,,,
-3.125,-7.45,-3.6875,-0.01,0.1258333333,,,,,,,,,,
-2.8125,-8.69,-3.6875,-0.01,0.1259375000,,,,,,,,,,
-2.875,-9.38,-3.6875,-0.02,0.1260416667,,,,,,,,,,
-3,-9.57,-3.6875,-0.01,0.1261458333,,,,,,,,,,
-3.125,-7.96,-3.6875,0,0.1262500000,,,,,,,,,,
-3.1875,-7.33,-3.625,0.03,0.1263541667,,,,,,,,,,
-3.625,-6.33,-3.5625,-0.04,0.1264583333,,,,,,,,,,
-4.5,-5.46,-3.4375,0.01,0.1265625000,,,,,,,,,,
-3.8125,-6.43,-3.3125,-0.04,0.1266666667,,,,,,,,,,
-3.6875,-8.22,-3.1875,0,0.1267708333,,,,,,,,,,
-3.6875,-8.59,-3,0.03,0.1268750000,,,,,,,,,,
-2.8125,-9.7,-2.75,0.02,0.1269791667,,,,,,,,,,
-2.8125,-9.61,-2.5625,0.03,0.1270833333,,,,,,,,,,
-3,-8.72,-2.3125,-0.04,0.1271875000,,,,,,,,,,
-2.9375,-5.31,-2,0.02,0.1272916667,,,,,,,,,,
-2.9375,-3.31,-1.6875,0,0.1273958333,,,,,,,,,,
-4.1875,0.03,-1.375,-0.03,0.1275000000,,,,,,,,,,
-4.1875,1.5,-1,0.02,0.1276041667,,,,,,,,,,
-3.375,0.46,-0.625,0.02,0.1277083333,,,,,,,,,,
-2.9375,-2.48,-0.25,-0.01,0.1278125000,,,,,,,,,,
-2.9375,-5.79,0.0625,0,0.1279166667,,,,,,,,,,
-1.6875,-6.15,0.4375,-0.03,0.1280208333,,,,,,,,,,
-1.125,-1.79,0.8125,0.03,0.1281250000,,,,,,,,,,
-1.1875,0.25,1.1875,-0.02,0.1282291667,,,,,,,,,,
-1.1875,5.22,1.5625,0,0.1283333333,,,,,,,,,,
-2.5,7.19,1.9375,0,0.1284375000,,,,,,,,,,
-1.875,8.36,2.3125,-0.01,0.1285416667,,,,,,,,,,
-2.3125,9.06,2.625,-0.01,0.1286458333,,,,,,,,,,
-1.5625,8.96,3,-0.03,0.1287500000,,,,,,,,,,
-1.0625,9.63,3.375,0.01,0.1288541667,,,,,,,,,,
-1.0625,9.41,3.375,-0.04,0.1289583333,,,,,,,,,,
-0.5,9.51,4,-0.01,0.1290625000,,,,,,,,,,
0.25,9.72,4.3125,-0.03,0.1291666667,,,,,,,,,,
0.25,9.83,4.625,0.02,0.1292708333,,,,,,,,,,
0.5625,9.76,4.9375,0,0.1293750000,,,,,,,,,,
0.6875,9.12,5.1875,0.02,0.1294791667,,,,,,,,,,
0.6875,8.04,5.1875,-0.01,0.1295833333,,,,,,,,,,
1,7.69,5.75,0.04,0.1296875000,,,,,,,,,,
1.5,6.59,5.75,-0.02,0.1297916667,,,,,,,,,,
1.5,5.96,6.0625,0.01,0.1298958333,,,,,,,,,,
1.8125,5.27,6.0625,0,0.1300000000,,,,,,,,,,
1.8125,4.7,6.375,-0.01,0.1301041667,,,,,,,,,,
1.8125,4.37,6.375,0.01,0.1302083333,,,,,,,,,,
1.75,3.89,6.5,0.05,0.1303125000,,,,,,,,,,
1.8125,3.53,6.5,0.02,0.1304166667,,,,,,,,,,
1.8125,3.16,6.5625,0.03,0.1305208333,,,,,,,,,,
1.875,3,6.5625,0,0.1306250000,,,,,,,,,,
2,2.55,6.625,-0.02,0.1307291667,,,,,,,,,,
2.1875,2.36,6.625,-0.05,0.1308333333,,,,,,,,,,
2.25,2.22,6.5625,-0.04,0.1309375000,,,,,,,,,,
2.25,2.27,6.5,0,0.1310416667,,,,,,,,,,
2.3125,2.38,6.4375,-0.01,0.1311458333,,,,,,,,,,
2.125,2.65,6.375,0.01,0.1312500000,,,,,,,,,,
2.125,2.65,6.1875,0.03,0.1313541667,,,,,,,,,,
1.9375,2.59,5.875,0.03,0.1314583333,,,,,,,,,,
1.8125,2.44,5.875,-0.06,0.1315625000,,,,,,,,,,
1.5625,1.91,5.625,0.04,0.1316666667,,,,,,,,,,
1.5,0.99,5.0625,0.04,0.1317708333,,,,,,,,,,
1.5,0.47,5.0625,-0.01,0.1318750000,,,,,,,,,,
1.4375,-0.31,4.4375,0,0.1319791667,,,,,,,,,,
1.625,-0.73,4.4375,0,0.1320833333,,,,,,,,,,
1.6875,-0.88,4.125,0,0.1321875000,,,,,,,,,,
1.4375,-1.1,3.8125,0.05,0.1322916667,,,,,,,,,,
1.3125,-1.1,3.5,-0.01,0.1323958333,,,,,,,,,,
1.125,-1.1,2.8125,0.01,0.1325000000,,,,,,,,,,
1,-1.18,2.8125,0.02,0.1326041667,,,,,,,,,,
0.75,-1.22,2.4375,0,0.1327083333,,,,,,,,,,
0.5,-1.34,2.125,0.01,0.1328125000,,,,,,,,,,
0.3125,-1.29,1.75,-0.01,0.1329166667,,,,,,,,,,
0.125,-1.27,1.0625,-0.01,0.1330208333,,,,,,,,,,
-0.1875,-1.25,1.0625,-0.01,0.1331250000,,,,,,,,,,
-0.4375,-1.19,0.6875,-0.03,0.1332291667,,,,,,,,,,
-0.625,-1.18,0.3125,-0.04,0.1333333333,,,,,,,,,,
-0.8125,-0.93,0,0.02,0.1334375000,,,,,,,,,,
-1.0625,-0.86,-0.6875,0.02,0.1335416667,,,,,,,,,,
-1.1875,-0.82,-0.6875,-0.02,0.1336458333,,,,,,,,,,
-1.3125,-0.63,-1,0.05,0.1337500000,,,,,,,,,,
-1.4375,-0.57,-1.3125,0.01,0.1338541667,,,,,,,,,,
-1.5625,-0.66,-1.625,0,0.1339583333,,,,,,,,,,
-1.75,-0.76,-2.125,-0.04,0.1340625000,,,,,,,,,,
-1.875,-0.7,-2.125,0.05,0.1341666667,,,,,,,,,,
-2.0625,-0.87,-2.3125,-0.05,0.1342708333,,,,,,,,,,
-2.1875,-1.14,-2.5,-0.02,0.1343750000,,,,,,,,,,
-2.375,-1.52,-2.6875,0,0.1344791667,,,,,,,,,,
-2.5,-2.13,-2.875,-0.01,0.1345833333,,,,,,,,,,
-2.5625,-2.65,-3,-0.02,0.1346875000,,,,,,,,,,
-2.5625,-3.44,-3.125,0.02,0.1347916667,,,,,,,,,,
-2.5625,-3.98,-3.25,0.01,0.1348958333,,,,,,,,,,
-2.625,-4.37,-3.3125,0.06,0.1350000000,,,,,,,,,,
-2.625,-4.53,-3.375,-0.01,0.1351041667,,,,,,,,,,
-2.75,-4.56,-3.4375,-0.02,0.1352083333,,,,,,,,,,
-2.8125,-4.58,-3.4375,-0.03,0.1353125000,,,,,,,,,,
-2.8125,-4.59,-3.375,0.02,0.1354166667,,,,,,,,,,
-2.875,-4.81,-3.375,0.01,0.1355208333,,,,,,,,,,
-2.8125,-4.81,-3.3125,-0.11,0.1356250000,,,,,,,,,,
-2.875,-4.92,-3.25,0.03,0.1357291667,,,,,,,,,,
-2.9375,-4.87,-3.125,-0.02,0.1358333333,,,,,,,,,,
-3,-4.68,-3,0.03,0.1359375000,,,,,,,,,,
-3,-4.58,-2.8125,-0.04,0.1360416667,,,,,,,,,,
-3,-4.49,-2.6875,-0.04,0.1361458333,,,,,,,,,,
-2.9375,-4.46,-2.4375,-0.05,0.1362500000,,,,,,,,,,
-2.875,-4.28,-2.25,0.01,0.1363541667,,,,,,,,,,
-2.6875,-4,-2,-0.03,0.1364583333,,,,,,,,,,
-2.5625,-3,-1.75,0.02,0.1365625000,,,,,,,,,,
-2.4375,-1.9,-1.5,0,0.1366666667,,,,,,,,,,
-2.375,-1.01,-1.1875,-0.05,0.1367708333,,,,,,,,,,
-2.625,0.55,-0.875,0.01,0.1368750000,,,,,,,,,,
-2.75,1.53,-0.5625,-0.01,0.1369791667,,,,,,,,,,
-2.5,1.96,-0.25,0.02,0.1370833333,,,,,,,,,,
-2.3125,2.22,0.125,0.01,0.1371875000,,,,,,,,,,
-2.0625,2.64,0.4375,-0.03,0.1372916667,,,,,,,,,,
-1.6875,3.01,0.8125,-0.02,0.1373958333,,,,,,,,,,
-1.4375,3.58,1.125,-0.01,0.1375000000,,,,,,,,,,
-1.375,4.28,1.5,0.04,0.1376041667,,,,,,,,,,
-1.375,5.07,1.875,0,0.1377083333,,,,,,,,,,
-1.3125,5.66,2.1875,0.02,0.1378125000,,,,,,,,,,
-1.0625,5.81,2.5,0.02,0.1379166667,,,,,,,,,,
-0.75,5.83,2.875,-0.01,0.1380208333,,,,,,,,,,
-0.5,5.72,3.1875,-0.02,0.1381250000,,,,,,,,,,
-0.1875,5.56,3.5,-0.03,0.1382291667,,,,,,,,,,
0.25,5.12,3.8125,-0.06,0.1383333333,,,,,,,,,,
0.4375,4.59,4.125,0,0.1384375000,,,,,,,,,,
0.625,4.18,4.4375,0.04,0.1385416667,,,,,,,,,,
0.9375,3.54,4.6875,0.04,0.1386458333,,,,,,,,,,
1.125,3,4.9375,0.06,0.1387500000,,,,,,,,,,
1.125,2.5,5.1875,0,0.1388541667,,,,,,,,,,
1.25,2.21,5.4375,0,0.1389583333,,,,,,,,,,
1.375,1.81,5.6875,0.04,0.1390625000,,,,,,,,,,
1.4375,1.6,5.875,-0.03,0.1391666667,,,,,,,,,,
1.5625,1.48,6,0.05,0.1392708333,,,,,,,,,,
1.6875,1.29,6.125,0.01,0.1393750000,,,,,,,,,,
1.8125,1.35,6.25,-0.01,0.1394791667,,,,,,,,,,
1.875,1.38,6.3125,0.06,0.1395833333,,,,,,,,,,
1.9375,1.51,6.375,-0.03,0.1396875000,,,,,,,,,,
1.9375,1.56,6.4375,0.01,0.1397916667,,,,,,,,,,
1.9375,1.66,6.4375,0.02,0.1398958333,,,,,,,,,,
1.9375,1.77,6.4375,0.01,0.1400000000,,,,,,,,,,
1.875,1.73,6.4375,-0.04,0.1401041667,,,,,,,,,,
1.875,1.71,6.4375,-0.02,0.1402083333,,,,,,,,,,
1.875,1.48,6.375,-0.01,0.1403125000,,,,,,,,,,
1.875,1.43,6.25,-0.04,0.1404166667,,,,,,,,,,
1.875,1.2,6.25,-0.01,0.1405208333,,,,,,,,,,
1.875,1.02,5.9375,-0.01,0.1406250000,,,,,,,,,,
1.875,0.76,5.75,0.07,0.1407291667,,,,,,,,,,
1.875,0.55,5.5625,0.03,0.1408333333,,,,,,,,,,
1.8125,0.38,5.3125,0.01,0.1409375000,,,,,,,,,,
1.75,0.42,5.0625,-0.01,0.1410416667,,,,,,,,,,
1.6875,0.24,4.75,-0.01,0.1411458333,,,,,,,,,,
1.5,0.27,4.4375,-0.01,0.1412500000,,,,,,,,,,
1.375,0.04,4.1875,0.02,0.1413541667,,,,,,,,,,
1.25,-0.05,3.875,0,0.1414583333,,,,,,,,,,
1.0625,-0.26,3.5625,-0.01,0.1415625000,,,,,,,,,,
0.9375,-0.37,3.1875,0,0.1416666667,,,,,,,,,,
0.75,-0.66,2.875,0.04,0.1417708333,,,,,,,,,,
0.5625,-0.91,2.5625,0,0.1418750000,,,,,,,,,,
0.4375,-1.01,2.25,-0.01,0.1419791667,,,,,,,,,,
0.3125,-1.08,1.9375,0.02,0.1420833333,,,,,,,,,,
0.1875,-1.22,1.5625,0,0.1421875000,,,,,,,,,,
0,-1.1,1.25,-0.01,0.1422916667,,,,,,,,,,
-0.0625,-1.11,0.9375,0,0.1423958333,,,,,,,,,,
-0.25,-0.97,0.625,-0.02,0.1425000000,,,,,,,,,,
-0.4375,-0.89,0.25,-0.01,0.1426041667,,,,,,,,,,
-0.625,-0.8,-0.0625,-0.02,0.1427083333,,,,,,,,,,
-0.8125,-0.77,-0.375,-0.02,0.1428125000,,,,,,,,,,
-1,-0.57,-0.625,-0.05,0.1429166667,,,,,,,,,,
-1.25,-0.5,-0.9375,-0.01,0.1430208333,,,,,,,,,,
-1.4375,-0.37,-1.1875,0.02,0.1431250000,,,,,,,,,,
-1.6875,-0.44,-1.4375,-0.02,0.1432291667,,,,,,,,,,
-1.8125,-0.49,-1.625,0.01,0.1433333333,,,,,,,,,,
-1.9375,-0.57,-1.875,0.01,0.1434375000,,,,,,,,,,
-2.0625,-0.76,-2,0,0.1435416667,,,,,,,,,,
-2.125,-1.08,-2.1875,0.02,0.1436458333,,,,,,,,,,
-2.1875,-1.4,-2.3125,-0.03,0.1437500000,,,,,,,,,,
-2.1875,-1.77,-2.4375,-0.04,0.1438541667,,,,,,,,,,
-2.1875,-2.11,-2.5625,0.01,0.1439583333,,,,,,,,,,
-2.1875,-2.29,-2.6875,0.07,0.1440625000,,,,,,,,,,
-2.3125,-2.5,-2.75,0,0.1441666667,,,,,,,,,,
-2.3125,-2.48,-2.8125,-0.06,0.1442708333,,,,,,,,,,
-2.5625,-2.49,-2.8125,0.01,0.1443750000,,,,,,,,,,
-2.625,-2.52,-2.8125,0.05,0.1444791667,,,,,,,,,,
-2.625,-2.76,-2.75,-0.05,0.1445833333,,,,,,,,,,
-2.8125,-3.01,-2.75,-0.01,0.1446875000,,,,,,,,,,
-2.8125,-3.6,-2.6875,0.02,0.1447916667,,,,,,,,,,
-2.75,-4.07,-2.625,-0.01,0.1448958333,,,,,,,,,,
-2.75,-4.62,-2.5,0.01,0.1450000000,,,,,,,,,,
-2.75,-4.93,-2.375,-0.02,0.1451041667,,,,,,,,,,
-2.625,-4.95,-2.1875,0.02,0.1452083333,,,,,,,,,,
-2.5625,-4.78,-2,0.01,0.1453125000,,,,,,,,,,
-2.5,-3.9,-1.8125,-0.05,0.1454166667,,,,,,,,,,
-2.4375,-2.88,-1.625,0.03,0.1455208333,,,,,,,,,,
-2.4375,-2.18,-1.375,-0.01,0.1456250000,,,,,,,,,,
-2.9375,-1,-1.125,0.02,0.1457291667,,,,,,,,,,
-2.9375,-0.49,-0.875,-0.03,0.1458333333,,,,,,,,,,
-2.6875,-0.41,-0.625,0.07,0.1459375000,,,,,,,,,,
-2.6875,-0.8,-0.3125,0.03,0.1460416667,,,,,,,,,,
-2.4375,-1.7,-0.3125,0,0.1461458333,,,,,,,,,,
-2.4375,-1.48,0,-0.02,0.1462500000,,,,,,,,,,
-2,-1.6,0.3125,-0.04,0.1463541667,,,,,,,,,,
-1.5,-0.23,0.625,0,0.1464583333,,,,,,,,,,
-1.25,0.5,1.25,0.02,0.1465625000,,,,,,,,,,
-1.375,1.83,1.625,0.04,0.1466666667,,,,,,,,,,
-1.375,3.25,1.9375,-0.03,0.1467708333,,,,,,,,,,
-1.875,4.33,2.25,0.02,0.1468750000,,,,,,,,,,
-1.5625,4.9,2.25,0.01,0.1469791667,,,,,,,,,,
-1.4375,4.96,2.875,0,0.1470833333,,,,,,,,,,
-1.1875,5.01,2.875,-0.04,0.1471875000,,,,,,,,,,
-0.8125,4.87,3.1875,0.01,0.1472916667,,,,,,,,,,
-0.4375,4.45,3.5,-0.02,0.1473958333,,,,,,,,,,
0.0625,4.17,4.0625,-0.05,0.1475000000,,,,,,,,,,
0.0625,3.94,4.375,-0.02,0.1476041667,,,,,,,,,,
0.3125,3.55,4.375,-0.01,0.1477083333,,,,,,,,,,
0.5625,3.05,4.625,-0.07,0.1478125000,,,,,,,,,,
0.75,2.72,5.125,0.02,0.1479166667,,,,,,,,,,
0.9375,2.4,5.125,0.01,0.1480208333,,,,,,,,,,
1.125,2.03,5.375,0,0.1481250000,,,,,,,,,,
1.3125,1.68,5.75,0,0.1482291667,,,,,,,,,,
1.4375,1.56,5.875,0.06,0.1483333333,,,,,,,,,,
1.5,1.33,5.875,0,0.1484375000,,,,,,,,,,
1.625,1.34,6.0625,0.05,0.1485416667,,,,,,,,,,
1.6875,1.24,6.25,-0.01,0.1486458333,,,,,,,,,,
1.625,1.37,6.25,-0.01,0.1487500000,,,,,,,,,,
1.5625,1.33,6.3125,0.02,0.1488541667,,,,,,,,,,
1.5625,1.37,6.375,-0.03,0.1489583333,,,,,,,,,,
1.5625,1.22,6.4375,0.07,0.1490625000,,,,,,,,,,
1.5625,1.18,6.4375,0,0.1491666667,,,,,,,,,,
1.625,0.95,6.375,-0.01,0.1492708333,,,,,,,,,,
1.75,0.8,6.375,-0.02,0.1493750000,,,,,,,,,,
1.75,0.71,6.3125,-0.01,0.1494791667,,,,,,,,,,
1.875,0.6,6.25,0,0.1495833333,,,,,,,,,,
1.9375,0.72,6.1875,-0.01,0.1496875000,,,,,,,,,,
1.875,0.78,6.0625,-0.03,0.1497916667,,,,,,,,,,
1.875,1.05,5.875,0.04,0.1498958333,,,,,,,,,,
1.8125,0.93,5.75,-0.04,0.1500000000,,,,,,,,,,
1.6875,0.97,5.3125,-0.01,0.1501041667,,,,,,,,,,
1.5,0.94,5.3125,0.01,0.1502083333,,,,,,,,,,
1.4375,0.73,5.0625,0.01,0.1503125000,,,,,,,,,,
1.3125,0.37,4.8125,0,0.1504166667,,,,,,,,,,
1.1875,0.05,4.5625,0,0.1505208333,,,,,,,,,,
1.125,-0.22,4.3125,0,0.1506250000,,,,,,,,,,
1,-0.39,4,-0.03,0.1507291667,,,,,,,,,,
1,-0.45,3.75,0.06,0.1508333333,,,,,,,,,,
0.875,-0.61,3.4375,0.02,0.1509375000,,,,,,,,,,
0.6875,-0.65,3.125,0.06,0.1510416667,,,,,,,,,,
0.625,-0.68,2.8125,-0.06,0.1511458333,,,,,,,,,,
0.5,-0.77,2.5,0.03,0.1512500000,,,,,,,,,,
0.3125,-0.73,2.1875,0,0.1513541667,,,,,,,,,,
0.25,-0.71,1.875,-0.05,0.1514583333,,,,,,,,,,
0.0625,-0.75,1.5625,0,0.1515625000,,,,,,,,,,
-0.1875,-0.64,1.25,0.01,0.1516666667,,,,,,,,,,
-0.375,-0.63,1,0.05,0.1517708333,,,,,,,,,,
-0.5625,-0.52,0.6875,-0.02,0.1518750000,,,,,,,,,,
-0.75,-0.46,0.375,-0.03,0.1519791667,,,,,,,,,,
-0.9375,-0.41,0.0625,0.03,0.1520833333,,,,,,,,,,
-1.125,-0.41,-0.1875,0.03,0.1521875000,,,,,,,,,,
-1.25,-0.34,-0.4375,-0.04,0.1522916667,,,,,,,,,,
-1.3125,-0.41,-0.6875,-0.04,0.1523958333,,,,,,,,,,
-1.4375,-0.2,-0.9375,0.01,0.1525000000,,,,,,,,,,
-1.5,-0.26,-1.1875,0.03,0.1526041667,,,,,,,,,,
-1.625,-0.43,-1.375,0,0.1527083333,,,,,,,,,,
-1.75,-0.54,-1.5625,0.03,0.1528125000,,,,,,,,,,
-1.8125,-0.76,-1.75,0.01,0.1529166667,,,,,,,,,,
-1.875,-0.86,-1.875,0.07,0.1530208333,,,,,,,,,,
-2,-1.02,-2,-0.02,0.1531250000,,,,,,,,,,
-2.0625,-1.22,-2.125,-0.01,0.1532291667,,,,,,,,,,
-2.25,-1.38,-2.1875,-0.01,0.1533333333,,,,,,,,,,
-2.3125,-1.62,-2.3125,-0.01,0.1534375000,,,,,,,,,,
-2.375,-2,-2.375,0.01,0.1535416667,,,,,,,,,,
-2.4375,-2.42,-2.375,0.05,0.1536458333,,,,,,,,,,
-2.4375,-2.81,-2.375,0.01,0.1537500000,,,,,,,,,,
-2.4375,-3.16,-2.375,0.02,0.1538541667,,,,,,,,,,
-2.375,-3.23,-2.375,0,0.1539583333,,,,,,,,,,
-2.375,-3.24,-2.3125,-0.01,0.1540625000,,,,,,,,,,
-2.375,-3.13,-2.25,0.04,0.1541666667,,,,,,,,,,
-2.4375,-2.82,-2.1875,0.02,0.1542708333,,,,,,,,,,
-2.4375,-2.51,-2,-0.04,0.1543750000,,,,,,,,,,
-2.4375,-2.17,-1.875,0.03,0.1544791667,,,,,,,,,,
-2.5,-2.04,-1.6875,0.05,0.1545833333,,,,,,,,,,
-2.5625,-1.84,-1.5,0.02,0.1546875000,,,,,,,,,,
-2.625,-1.49,-1.3125,-0.05,0.1547916667,,,,,,,,,,
-2.5625,-1.82,-1.0625,0.01,0.1548958333,,,,,,,,,,
-2.4375,-1.74,-0.8125,0.03,0.1550000000,,,,,,,,,,
-2.3125,-1.85,-0.5625,-0.07,0.1551041667,,,,,,,,,,
-2,-1.62,-0.3125,-0.02,0.1552083333,,,,,,,,,,
-1.875,-1.25,-0.0625,0.02,0.1553125000,,,,,,,,,,
-1.75,0.02,0.25,0.04,0.1554166667,,,,,,,,,,
-1.6875,0.52,0.5,-0.03,0.1555208333,,,,,,,,,,
-1.875,1.54,0.8125,0.01,0.1556250000,,,,,,,,,,
-2.125,2.25,1.125,-0.02,0.1557291667,,,,,,,,,,
-1.625,2.45,1.4375,0,0.1558333333,,,,,,,,,,
-1.5625,2.52,1.75,-0.01,0.1559375000,,,,,,,,,,
-1.4375,2.65,2.0625,-0.03,0.1560416667,,,,,,,,,,
-1.0625,2.7,2.375,-0.02,0.1561458333,,,,,,,,,,
-0.75,2.76,2.625,-0.05,0.1562500000,,,,,,,,,,
-0.625,2.75,2.9375,0.01,0.1563541667,,,,,,,,,,
-0.5625,2.74,3.25,0,0.1564583333,,,,,,,,,,
-0.4375,2.75,3.5,-0.04,0.1565625000,,,,,,,,,,
-0.1875,2.72,3.8125,-0.05,0.1566666667,,,,,,,,,,
0,2.45,4.0625,-0.05,0.1567708333,,,,,,,,,,
0.1875,2.34,4.3125,-0.06,0.1568750000,,,,,,,,,,
0.375,2.11,4.5,-0.01,0.1569791667,,,,,,,,,,
0.625,1.85,4.75,0,0.1570833333,,,,,,,,,,
0.6875,1.59,5,0.02,0.1571875000,,,,,,,,,,
0.8125,1.32,5.1875,0.03,0.1572916667,,,,,,,,,,
0.9375,1.12,5.375,0,0.1573958333,,,,,,,,,,
1.0625,0.95,5.5625,0.02,0.1575000000,,,,,,,,,,
1.125,0.79,5.6875,-0.02,0.1576041667,,,,,,,,,,
1.1875,0.62,5.8125,0.01,0.1577083333,,,,,,,,,,
1.25,0.57,5.9375,-0.03,0.1578125000,,,,,,,,,,
1.3125,0.65,6,0.03,0.1579166667,,,,,,,,,,
1.3125,0.63,6.0625,0.02,0.1580208333,,,,,,,,,,
1.4375,0.6,6.125,-0.01,0.1581250000,,,,,,,,,,
1.5,0.62,6.125,0.01,0.1582291667,,,,,,,,,,
1.5625,0.66,6.125,0.05,0.1583333333,,,,,,,,,,
1.625,0.58,6.125,0,0.1584375000,,,,,,,,,,
1.6875,0.62,6.0625,0.01,0.1585416667,,,,,,,,,,
1.6875,0.71,6,0,0.1586458333,,,,,,,,,,
1.6875,0.78,5.9375,0.01,0.1587500000,,,,,,,,,,
1.6875,0.84,5.8125,0.01,0.1588541667,,,,,,,,,,
1.625,0.76,5.6875,-0.03,0.1589583333,,,,,,,,,,
1.5,0.81,5.5625,-0.04,0.1590625000,,,,,,,,,,
1.4375,0.71,5.375,0,0.1591666667,,,,,,,,,,
1.375,0.58,5.1875,0,0.1592708333,,,,,,,,,,
1.3125,0.51,5,-0.01,0.1593750000,,,,,,,,,,
1.3125,0.41,4.75,-0.02,0.1594791667,,,,,,,,,,
1.25,0.22,4.5625,0.04,0.1595833333,,,,,,,,,,
1.1875,0.06,4.3125,0.01,0.1596875000,,,,,,,,,,
1.125,-0.08,4.0625,0.01,0.1597916667,,,,,,,,,,
1.0625,-0.05,3.75,-0.02,0.1598958333,,,,,,,,,,
1,-0.12,3.5,0.03,0.1600000000,,,,,,,,,,
0.875,-0.13,3.1875,0.02,0.1601041667,,,,,,,,,,
0.75,-0.21,2.9375,0,0.1602083333,,,,,,,,,,
0.625,-0.27,2.625,-0.04,0.1603125000,,,,,,,,,,
0.4375,-0.36,2.3125,-0.01,0.1604166667,,,,,,,,,,
0.25,-0.47,2.0625,0.01,0.1605208333,,,,,,,,,,
0.25,-0.54,1.75,-0.02,0.1606250000,,,,,,,,,,
-0.0625,-0.62,1.4375,0,0.1607291667,,,,,,,,,,
-0.1875,-0.41,1.1875,0.03,0.1608333333,,,,,,,,,,
-0.1875,-0.43,0.875,-0.01,0.1609375000,,,,,,,,,,
-0.5625,-0.28,0.625,-0.07,0.1610416667,,,,,,,,,,
-0.5625,-0.42,0.3125,0.03,0.1611458333,,,,,,,,,,
-0.625,-0.42,0.0625,-0.05,0.1612500000,,,,,,,,,,
-0.75,-0.27,-0.1875,0.04,0.1613541667,,,,,,,,,,
-0.9375,-0.38,-0.4375,0,0.1614583333,,,,,,,,,,
-1.125,-0.16,-0.625,-0.03,0.1615625000,,,,,,,,,,
-1.1875,-0.02,-0.875,0.01,0.1616666667,,,,,,,,,,
-1.1875,-0.02,-1.0625,-0.01,0.1617708333,,,,,,,,,,
-1.5625,-0.01,-1.25,0.03,0.1618750000,,,,,,,,,,
-1.5625,-0.08,-1.4375,-0.03,0.1619791667,,,,,,,,,,
-1.8125,-0.16,-1.5625,0.04,0.1620833333,,,,,,,,,,
-1.8125,-0.57,-1.75,-0.02,0.1621875000,,,,,,,,,,
-1.875,-0.86,-1.8125,0.02,0.1622916667,,,,,,,,,,
-1.9375,-1.1,-1.9375,-0.01,0.1623958333,,,,,,,,,,
-2,-1.26,-2,0,0.1625000000,,,,,,,,,,
-1.9375,-1.52,-2.0625,0.05,0.1626041667,,,,,,,,,,
-1.9375,-1.66,-2.125,0.01,0.1627083333,,,,,,,,,,
-2,-1.58,-2.125,-0.03,0.1628125000,,,,,,,,,,
-2.125,-1.55,-2.125,0.01,0.1629166667,,,,,,,,,,
-2.125,-1.55,-2.125,0.04,0.1630208333,,,,,,,,,,
-2.1875,-1.57,-2.125,0.01,0.1631250000,,,,,,,,,,
-2.25,-1.57,-2.0625,0.03,0.1632291667,,,,,,,,,,
-2.25,-1.74,-1.9375,-0.01,0.1633333333,,,,,,,,,,
-2.25,-1.72,-1.875,0.01,0.1634375000,,,,,,,,,,
-2.25,-1.83,-1.75,-0.05,0.1635416667,,,,,,,,,,
-2.25,-1.94,-1.75,0.01,0.1636458333,,,,,,,,,,
-2.1875,-1.76,-1.625,0,0.1637500000,,,,,,,,,,
-2.1875,-1.73,-1.5,0,0.1638541667,,,,,,,,,,
-2.0625,-1.58,-1.125,0.01,0.1639583333,,,,,,,,,,
-2.0625,-1.36,-1.125,0.03,0.1640625000,,,,,,,,,,
-2,-1.08,-0.875,0.02,0.1641666667,,,,,,,,,,
-1.8125,-0.53,-0.4375,0.04,0.1642708333,,,,,,,,,,
-1.8125,-0.28,-0.4375,0.03,0.1643750000,,,,,,,,,,
-1.75,0.12,0.0625,0.03,0.1644791667,,,,,,,,,,
-1.8125,0.3,0.0625,0.01,0.1645833333,,,,,,,,,,
-1.8125,0.7,0.5625,-0.01,0.1646875000,,,,,,,,,,
-1.6875,0.82,0.8125,0,0.1647916667,,,,,,,,,,
-1.5,1.07,0.8125,0.03,0.1648958333,,,,,,,,,,
-1.4375,1.19,1.375,0.03,0.1650000000,,,,,,,,,,
-1.25,1.32,1.375,-0.01,0.1651041667,,,,,,,,,,
-1.125,1.56,1.6875,0,0.1652083333,,,,,,,,,,
-0.8125,1.57,2.25,-0.03,0.1653125000,,,,,,,,,,
-0.8125,1.7,2.25,0.03,0.1654166667,,,,,,,,,,
-0.6875,1.76,2.5625,-0.02,0.1655208333,,,,,,,,,,
-0.4375,1.74,2.8125,0,0.1656250000,,,,,,,,,,
-0.25,1.66,3.125,-0.02,0.1657291667,,,,,,,,,,
-0.125,1.64,3.625,-0.04,0.1658333333,,,,,,,,,,
0.0625,1.49,3.875,-0.02,0.1659375000,,,,,,,,,,
0.1875,1.4,3.875,-0.03,0.1660416667,,,,,,,,,,
0.3125,1.18,4.125,-0.01,0.1661458333,,,,,,,,,,
0.4375,1.09,4.375,0.07,0.1662500000,,,,,,,,,,
0.5625,0.94,4.75,0.02,0.1663541667,,,,,,,,,,
0.6875,0.67,4.75,-0.02,0.1664583333,,,,,,,,,,
0.75,0.72,4.9375,-0.02,0.1665625000,,,,,,,,,,
0.875,0.6,5.1875,0.03,0.1666666667,,,,,,,,,,
1,0.4,5.3125,-0.01,0.1667708333,,,,,,,,,,
1.125,0.44,5.5,0.03,0.1668750000,,,,,,,,,,
1.1875,0.31,5.625,0.02,0.1669791667,,,,,,,,,,
1.375,0.36,5.6875,0.03,0.1670833333,,,,,,,,,,
1.375,0.43,5.8125,-0.04,0.1671875000,,,,,,,,,,
1.5,0.46,5.875,0.03,0.1672916667,,,,,,,,,,
1.5,0.54,5.9375,-0.03,0.1673958333,,,,,,,,,,
1.5625,0.52,5.9375,-0.02,0.1675000000,,,,,,,,,,
1.5625,0.63,5.9375,-0.02,0.1676041667,,,,,,,,,,
1.5625,0.62,5.9375,0.03,0.1677083333,,,,,,,,,,
1.5625,0.65,5.875,0.02,0.1678125000,,,,,,,,,,
1.5625,0.6,5.8125,0,0.1679166667,,,,,,,,,,
1.5,0.72,5.75,-0.03,0.1680208333,,,,,,,,,,
1.5,0.55,5.6875,0.01,0.1681250000,,,,,,,,,,
1.5625,0.46,5.5625,0,0.1682291667,,,,,,,,,,
1.5625,0.57,5.375,-0.01,0.1683333333,,,,,,,,,,
1.5,0.34,5.25,-0.03,0.1684375000,,,,,,,,,,
1.5,0.32,5.0625,-0.02,0.1685416667,,,,,,,,,,
1.5,0.17,4.8125,-0.04,0.1686458333,,,,,,,,,,
1.5,0.05,4.625,-0.03,0.1687500000,,,,,,,,,,
1.375,-0.02,4.375,-0.04,0.1688541667,,,,,,,,,,
1.3125,-0.01,4.1875,0.01,0.1689583333,,,,,,,,,,
1.1875,0.01,3.9375,0.01,0.1690625000,,,,,,,,,,
1,-0.05,3.625,-0.02,0.1691666667,,,,,,,,,,
0.875,-0.06,3.375,0.01,0.1692708333,,,,,,,,,,
0.75,-0.05,3.125,0.01,0.1693750000,,,,,,,,,,
0.625,-0.13,2.875,-0.04,0.1694791667,,,,,,,,,,
0.5,-0.18,2.5625,-0.02,0.1695833333,,,,,,,,,,
0.375,-0.14,2.3125,-0.02,0.1696875000,,,,,,,,,,
0.25,-0.26,2.0625,-0.03,0.1697916667,,,,,,,,,,
0.125,-0.39,1.75,-0.01,0.1698958333,,,,,,,,,,
0.0625,-0.24,1.5,0.01,0.1700000000,,,,,,,,,,
0,-0.14,1.25,0,0.1701041667,,,,,,,,,,
-0.125,-0.18,1,0.02,0.1702083333,,,,,,,,,,
-0.3125,-0.32,0.6875,-0.06,0.1703125000,,,,,,,,,,
-0.5,-0.29,0.4375,-0.01,0.1704166667,,,,,,,,,,
-0.5625,-0.37,0.1875,-0.04,0.1705208333,,,,,,,,,,
-0.6875,-0.39,0,0.03,0.1706250000,,,,,,,,,,
-0.9375,-0.28,-0.25,-0.03,0.1707291667,,,,,,,,,,
-1,-0.38,-0.4375,0.01,0.1708333333,,,,,,,,,,
-1.1875,-0.15,-0.6875,0,0.1709375000,,,,,,,,,,
-1.3125,0.04,-0.875,0,0.1710416667,,,,,,,,,,
-1.4375,-0.04,-1,-0.01,0.1711458333,,,,,,,,,,
-1.5625,-0.03,-1.1875,-0.02,0.1712500000,,,,,,,,,,
-1.6875,-0.2,-1.3125,0,0.1713541667,,,,,,,,,,
-1.6875,-0.45,-1.375,0.04,0.1714583333,,,,,,,,,,
-1.6875,-0.76,-1.5,-0.04,0.1715625000,,,,,,,,,,
-1.6875,-0.95,-1.5625,-0.03,0.1716666667,,,,,,,,,,
-1.75,-1.01,-1.625,0,0.1717708333,,,,,,,,,,
-1.75,-1.07,-1.6875,-0.04,0.1718750000,,,,,,,,,,
-1.75,-1.1,-1.75,0,0.1719791667,,,,,,,,,,
-1.9375,-1.04,-1.75,0.01,0.1720833333,,,,,,,,,,
-2.0625,-1.03,-1.75,0.05,0.1721875000,,,,,,,,,,
-2.125,-1,-1.6875,-0.01,0.1722916667,,,,,,,,,,
-2.125,-1.21,-1.6875,0,0.1723958333,,,,,,,,,,
-2.1875,-1.4,-1.625,0.05,0.1725000000,,,,,,,,,,
-2.1875,-1.53,-1.5625,-0.03,0.1726041667,,,,,,,,,,
-2.0625,-1.8,-1.4375,0.03,0.1727083333,,,,,,,,,,
-2,-1.83,-1.3125,0.03,0.1728125000,,,,,,,,,,
-2,-1.71,-1.1875,0,0.1729166667,,,,,,,,,,
-1.9375,-1.63,-1.0625,0.01,0.1730208333,,,,,,,,,,
-1.875,-1.24,-0.875,-0.01,0.1731250000,,,,,,,,,,
-1.875,-0.86,-0.6875,0,0.1732291667,,,,,,,,,,
-1.8125,-0.58,-0.5,-0.01,0.1733333333,,,,,,,,,,
-1.8125,-0.06,-0.25,-0.01,0.1734375000,,,,,,,,,,
-1.875,0.2,-0.0625,-0.01,0.1735416667,,,,,,,,,,
-1.9375,0.23,0.1875,-0.02,0.1736458333,,,,,,,,,,
-1.875,0.2,0.375,0,0.1737500000,,,,,,,,,,
-1.6875,0.09,0.625,-0.06,0.1738541667,,,,,,,,,,
-1.4375,0.09,0.9375,0.04,0.1739583333,,,,,,,,,,
-1.25,0.1,1.1875,-0.03,0.1740625000,,,,,,,,,,
-1.125,0.28,1.4375,0,0.1741666667,,,,,,,,,,
-1,0.73,1.6875,0.05,0.1742708333,,,,,,,,,,
-0.875,0.93,2,-0.03,0.1743750000,,,,,,,,,,
-0.875,1.27,2.25,-0.01,0.1744791667,,,,,,,,,,
-0.75,1.31,2.5,-0.04,0.1745833333,,,,,,,,,,
-0.5625,1.6,2.8125,0.01,0.1746875000,,,,,,,,,,
-0.375,1.49,3.0625,-0.06,0.1747916667,,,,,,,,,,
-0.25,1.45,3.3125,-0.01,0.1748958333,,,,,,,,,,
-0.0625,1.35,3.5625,-0.03,0.1750000000,,,,,,,,,,
0,1.26,3.8125,0.04,0.1751041667,,,,,,,,,,
0.125,1.04,4,-0.04,0.1752083333,,,,,,,,,,
0.25,1.06,4.25,-0.05,0.1753125000,,,,,,,,,,
0.375,0.9,4.4375,-0.07,0.1754166667,,,,,,,,,,
0.5625,0.74,4.625,0.06,0.1755208333,,,,,,,,,,
0.75,0.67,4.8125,0.02,0.1756250000,,,,,,,,,,
0.8125,0.57,5,0.06,0.1757291667,,,,,,,,,,
0.9375,0.48,5.1875,0.04,0.1758333333,,,,,,,,,,
1.0625,0.33,5.375,0.02,0.1759375000,,,,,,,,,,
1.1875,0.19,5.5,-0.01,0.1760416667,,,,,,,,,,
1.25,0.34,5.5625,-0.01,0.1761458333,,,,,,,,,,
1.3125,0.36,5.6875,-0.02,0.1762500000,,,,,,,,,,
1.25,0.37,5.75,0,0.1763541667,,,,,,,,,,
1.25,0.44,5.8125,-0.01,0.1764583333,,,,,,,,,,
1.25,0.43,5.8125,0.02,0.1765625000,,,,,,,,,,
1.3125,0.42,5.875,-0.02,0.1766666667,,,,,,,,,,
1.3125,0.37,5.875,-0.05,0.1767708333,,,,,,,,,,
1.4375,0.25,5.8125,0,0.1768750000,,,,,,,,,,
1.4375,0.32,5.8125,-0.01,0.1769791667,,,,,,,,,,
1.4375,0.34,5.75,0,0.1770833333,,,,,,,,,,
1.4375,0.42,5.6875,0.04,0.1771875000,,,,,,,,,,
1.5,0.55,5.5625,0.03,0.1772916667,,,,,,,,,,
1.5,0.37,5.5,0.02,0.1773958333,,,,,,,,,,
1.5,0.45,5.375,0,0.1775000000,,,,,,,,,,
1.5,0.24,5.1875,0.06,0.1776041667,,,,,,,,,,
1.375,0.32,5.0625,-0.02,0.1777083333,,,,,,,,,,
1.3125,0.35,4.875,0.04,0.1778125000,,,,,,,,,,
1.3125,0.27,4.6875,-0.04,0.1779166667,,,,,,,,,,
1.0625,0.37,4.4375,-0.02,0.1780208333,,,,,,,,,,
1.0625,0.23,4.25,-0.03,0.1781250000,,,,,,,,,,
1,0.02,4,0,0.1782291667,,,,,,,,,,
0.875,-0.08,3.75,0,0.1783333333,,,,,,,,,,
0.875,-0.1,3.5625,0.08,0.1784375000,,,,,,,,,,
0.75,-0.05,3.3125,0.08,0.1785416667,,,,,,,,,,
0.5625,-0.03,3,-0.01,0.1786458333,,,,,,,,,,
0.5,-0.05,2.75,-0.02,0.1787500000,,,,,,,,,,
0.375,-0.02,2.5,0.02,0.1788541667,,,,,,,,,,
0.375,-0.07,2.25,0.07,0.1789583333,,,,,,,,,,
0.125,-0.11,2,0.01,0.1790625000,,,,,,,,,,
0,-0.12,1.75,0.03,0.1791666667,,,,,,,,,,
-0.1875,-0.3,1.5,-0.03,0.1792708333,,,,,,,,,,
-0.1875,-0.35,1.25,0.03,0.1793750000,,,,,,,,,,
-0.3125,-0.37,1,-0.01,0.1794791667,,,,,,,,,,
-0.625,-0.44,0.75,-0.01,0.1795833333,,,,,,,,,,
-0.625,-0.35,0.5,-0.03,0.1796875000,,,,,,,,,,
-0.8125,-0.46,0.3125,0.01,0.1797916667,,,,,,,,,,
-0.8125,-0.22,0.0625,-0.04,0.1798958333,,,,,,,,,,
-1,-0.06,-0.125,0.06,0.1800000000,,,,,,,,,,
-1.1875,-0.02,-0.3125,-0.01,0.1801041667,,,,,,,,,,
-1.1875,0.04,-0.5,-0.02,0.1802083333,,,,,,,,,,
-1.25,0,-0.5,-0.05,0.1803125000,,,,,,,,,,
-1.375,-0.06,-0.6875,0.04,0.1804166667,,,,,,,,,,
-1.5,-0.19,-0.9375,0,0.1805208333,,,,,,,,,,
-1.5,-0.26,-1.0625,0.05,0.1806250000,,,,,,,,,,
-1.625,-0.56,-1.0625,0.04,0.1807291667,,,,,,,,,,
-1.6875,-0.63,-1.1875,-0.01,0.1808333333,,,,,,,,,,
-1.75,-0.85,-1.3125,0.04,0.1809375000,,,,,,,,,,
-1.8125,-0.87,-1.375,0,0.1810416667,,,,,,,,,,
-1.875,-0.98,-1.375,0.03,0.1811458333,,,,,,,,,,
-1.9375,-1.12,-1.375,0.04,0.1812500000,,,,,,,,,,
-2,-1.22,-1.375,-0.12,0.1813541667,,,,,,,,,,
-2,-1.31,-1.375,-0.04,0.1814583333,,,,,,,,,,
-2,-1.35,-1.375,-0.02,0.1815625000,,,,,,,,,,
-2,-1.44,-1.3125,0.06,0.1816666667,,,,,,,,,,
-1.9375,-1.42,-1.25,0.04,0.1817708333,,,,,,,,,,
-2,-1.43,-1.0625,-0.03,0.1818750000,,,,,,,,,,
-1.9375,-1.28,-1.0625,0.04,0.1819791667,,,,,,,,,,
-2,-1.25,-0.8125,0.03,0.1820833333,,,,,,,,,,
-2,-1.09,-0.8125,0.01,0.1821875000,,,,,,,,,,
-2,-0.88,-0.6875,-0.01,0.1822916667,,,,,,,,,,
-2,-0.75,-0.5,-0.01,0.1823958333,,,,,,,,,,
-1.9375,-0.71,-0.125,0.01,0.1825000000,,,,,,,,,,
-1.875,-0.54,0.0625,0.04,0.1826041667,,,,,,,,,,
-1.8125,-0.36,0.0625,-0.02,0.1827083333,,,,,,,,,,
-1.75,-0.18,0.3125,0,0.1828125000,,,,,,,,,,
-1.625,0.04,0.5,-0.04,0.1829166667,,,,,,,,,,
-1.5625,0.1,0.75,0.03,0.1830208333,,,,,,,,,,
-1.4375,0.23,1,-0.01,0.1831250000,,,,,,,,,,
-1.3125,0.44,1.25,-0.01,0.1832291667,,,,,,,,,,
-1.1875,0.74,1.5,0.05,0.1833333333,,,,,,,,,,
-1.0625,0.81,1.75,0.04,0.1834375000,,,,,,,,,,
-1,0.86,2,0.01,0.1835416667,,,,,,,,,,
-0.9375,1.14,2.25,-0.02,0.1836458333,,,,,,,,,,
-0.75,1.09,2.5,0.01,0.1837500000,,,,,,,,,,
-0.6875,1.34,2.75,0.03,0.1838541667,,,,,,,,,,
-0.625,1.18,3,-0.01,0.1839583333,,,,,,,,,,
-0.4375,1.22,3.25,-0.02,0.1840625000,,,,,,,,,,
-0.3125,1.19,3.5,-0.02,0.1841666667,,,,,,,,,,
-0.125,1.06,3.6875,0,0.1842708333,,,,,,,,,,
0,1,3.9375,0.01,0.1843750000,,,,,,,,,,
0.125,0.9,4.125,-0.03,0.1844791667,,,,,,,,,,
0.3125,0.73,4.375,0.03,0.1845833333,,,,,,,,,,
0.4375,0.66,4.5625,0.02,0.1846875000,,,,,,,,,,
0.5625,0.61,4.6875,0.01,0.1847916667,,,,,,,,,,
0.6875,0.45,4.875,-0.01,0.1848958333,,,,,,,,,,
0.8125,0.43,5.0625,0.01,0.1850000000,,,,,,,,,,
0.875,0.21,5.1875,-0.01,0.1851041667,,,,,,,,,,
0.9375,0.15,5.3125,0.03,0.1852083333,,,,,,,,,,
1,0.19,5.4375,-0.05,0.1853125000,,,,,,,,,,
1.0625,0.28,5.5,0.03,0.1854166667,,,,,,,,,,
1.125,0.24,5.625,-0.02,0.1855208333,,,,,,,,,,
1.125,0.29,5.6875,-0.01,0.1856250000,,,,,,,,,,
1.1875,0.4,5.6875,0.01,0.1857291667,,,,,,,,,,
1.25,0.34,5.75,-0.05,0.1858333333,,,,,,,,,,
1.3125,0.33,5.75,-0.02,0.1859375000,,,,,,,,,,
1.375,0.22,5.75,-0.03,0.1860416667,,,,,,,,,,
1.4375,0.29,5.6875,0.07,0.1861458333,,,,,,,,,,
1.5,0.23,5.6875,0.01,0.1862500000,,,,,,,,,,
1.5,0.3,5.625,0.06,0.1863541667,,,,,,,,,,
1.4375,0.47,5.5,0,0.1864583333,,,,,,,,,,
1.4375,0.43,5.4375,0,0.1865625000,,,,,,,,,,
1.4375,0.62,5.3125,-0.01,0.1866666667,,,,,,,,,,
1.3125,0.48,5.1875,0.01,0.1867708333,,,,,,,,,,
1.3125,0.42,5.0625,-0.05,0.1868750000,,,,,,,,,,
1.25,0.18,4.875,0.02,0.1869791667,,,,,,,,,,
1.25,0.22,4.6875,-0.02,0.1870833333,,,,,,,,,,
1.1875,0.19,4.5,-0.04,0.1871875000,,,,,,,,,,
1.125,0.05,4.3125,0.02,0.1872916667,,,,,,,,,,
1.0625,-0.03,4.125,-0.01,0.1873958333,,,,,,,,,,
0.9375,-0.02,3.875,0,0.1875000000,,,,,,,,,,
0.9375,0,3.6875,-0.01,0.1876041667,,,,,,,,,,
0.875,-0.03,3.4375,0.02,0.1877083333,,,,,,,,,,
0.75,-0.04,3.1875,-0.01,0.1878125000,,,,,,,,,,
0.625,-0.08,2.9375,-0.06,0.1879166667,,,,,,,,,,
0.5,-0.14,2.6875,0,0.1880208333,,,,,,,,,,
0.375,-0.07,2.5,0,0.1881250000,,,,,,,,,,
0.1875,-0.08,2.25,0.06,0.1882291667,,,,,,,,,,
0.0625,-0.08,2,0.08,0.1883333333,,,,,,,,,,
0,-0.25,1.75,-0.01,0.1884375000,,,,,,,,,,
-0.125,-0.43,1.5,0,0.1885416667,,,,,,,,,,
-0.25,-0.32,1.25,0.01,0.1886458333,,,,,,,,,,
-0.3125,-0.25,1.0625,-0.01,0.1887500000,,,,,,,,,,
-0.5,-0.34,0.8125,-0.02,0.1888541667,,,,,,,,,,
-0.5625,-0.13,0.625,0.01,0.1889583333,,,,,,,,,,
-0.625,-0.07,0.375,0.03,0.1890625000,,,,,,,,,,
-0.8125,-0.02,0.1875,-0.03,0.1891666667,,,,,,,,,,
-0.9375,-0.01,0,0.01,0.1892708333,,,,,,,,,,
-1,0,-0.1875,0.03,0.1893750000,,,,,,,,,,
-1.125,0.01,-0.3125,0.02,0.1894791667,,,,,,,,,,
-1.25,-0.01,-0.5,-0.06,0.1895833333,,,,,,,,,,
-1.375,-0.02,-0.625,0.01,0.1896875000,,,,,,,,,,
-1.4375,-0.07,-0.75,0.01,0.1897916667,,,,,,,,,,
-1.5,-0.17,-0.8125,-0.01,0.1898958333,,,,,,,,,,
-1.5625,-0.36,-0.9375,-0.01,0.1900000000,,,,,,,,,,
-1.625,-0.63,-1,0,0.1901041667,,,,,,,,,,
-1.625,-0.79,-1.0625,-0.01,0.1902083333,,,,,,,,,,
-1.625,-0.83,-1.0625,-0.01,0.1903125000,,,,,,,,,,
-1.625,-0.8,-1.125,0.01,0.1904166667,,,,,,,,,,
-1.625,-0.87,-1.125,0,0.1905208333,,,,,,,,,,
-1.6875,-0.84,-1.125,0.04,0.1906250000,,,,,,,,,,
-1.6875,-0.79,-1.125,-0.04,0.1907291667,,,,,,,,,,
-1.8125,-0.69,-1.0625,0.05,0.1908333333,,,,,,,,,,
-1.8125,-0.72,-1,-0.05,0.1909375000,,,,,,,,,,
-1.875,-0.79,-0.9375,-0.01,0.1910416667,,,,,,,,,,
-1.8125,-0.73,-0.875,0.04,0.1911458333,,,,,,,,,,
-1.8125,-0.73,-0.75,-0.02,0.1912500000,,,,,,,,,,
-1.8125,-0.73,-0.625,-0.01,0.1913541667,,,,,,,,,,
-1.75,-0.79,-0.5,0,0.1914583333,,,,,,,,,,
-1.6875,-0.75,-0.375,-0.01,0.1915625000,,,,,,,,,,
-1.625,-0.63,-0.1875,-0.01,0.1916666667,,,,,,,,,,
-1.5625,-0.57,0,-0.02,0.1917708333,,,,,,,,,,
-1.4375,-0.43,0.1875,0.02,0.1918750000,,,,,,,,,,
-1.375,-0.1,0.375,-0.05,0.1919791667,,,,,,,,,,
-1.3125,0.04,0.5625,-0.07,0.1920833333,,,,,,,,,,
-1.25,0.03,0.8125,-0.01,0.1921875000,,,,,,,,,,
-1.1875,0.13,1,0.05,0.1922916667,,,,,,,,,,
-1.0625,0.25,1.25,0,0.1923958333,,,,,,,,,,
-1,0.45,1.5,-0.07,0.1925000000,,,,,,,,,,
-0.9375,0.43,1.6875,-0.02,0.1926041667,,,,,,,,,,
-0.875,0.77,1.9375,0.01,0.1927083333,,,,,,,,,,
-0.6875,0.91,2.1875,0,0.1928125000,,,,,,,,,,
-0.6875,0.78,2.4375,0.06,0.1929166667,,,,,,,,,,
-0.5,0.81,2.6875,-0.07,0.1930208333,,,,,,,,,,
-0.25,0.87,2.875,0,0.1931250000,,,,,,,,,,
-0.125,0.81,3.125,0.02,0.1932291667,,,,,,,,,,
0,0.7,3.375,0.01,0.1933333333,,,,,,,,,,
0.125,0.56,3.625,-0.02,0.1934375000,,,,,,,,,,
0.3125,0.56,3.8125,0,0.1935416667,,,,,,,,,,
0.375,0.56,4,-0.01,0.1936458333,,,,,,,,,,
0.4375,0.4,4.1875,-0.05,0.1937500000,,,,,,,,,,
0.5625,0.42,4.375,-0.04,0.1938541667,,,,,,,,,,
0.6875,0.26,4.5625,0,0.1939583333,,,,,,,,,,
0.75,0.17,4.75,0.01,0.1940625000,,,,,,,,,,
0.8125,0.14,4.875,0.04,0.1941666667,,,,,,,,,,
0.875,0.18,5.0625,-0.02,0.1942708333,,,,,,,,,,
0.9375,0.24,5.1875,0.02,0.1943750000,,,,,,,,,,
0.9375,0.23,5.3125,-0.03,0.1944791667,,,,,,,,,,
1.0625,0.28,5.375,0.03,0.1945833333,,,,,,,,,,
1.0625,0.27,5.4375,-0.01,0.1946875000,,,,,,,,,,
1.3125,0.33,5.5,0,0.1947916667,,,,,,,,,,
1.375,0.26,5.5625,0,0.1948958333,,,,,,,,,,
1.375,0.18,5.5625,0.02,0.1950000000,,,,,,,,,,
1.4375,0.21,5.5625,-0.02,0.1951041667,,,,,,,,,,
1.5,0.26,5.5625,-0.05,0.1952083333,,,,,,,,,,
1.4375,0.33,5.5,0,0.1953125000,,,,,,,,,,
1.4375,0.43,5.5,-0.06,0.1954166667,,,,,,,,,,
1.4375,0.47,5.4375,0.06,0.1955208333,,,,,,,,,,
1.4375,0.57,5.3125,-0.01,0.1956250000,,,,,,,,,,
1.4375,0.52,5.25,0.01,0.1957291667,,,,,,,,,,
1.375,0.51,5.125,-0.02,0.1958333333,,,,,,,,,,
1.375,0.27,5,0.04,0.1959375000,,,,,,,,,,
1.375,0.26,4.8125,0.02,0.1960416667,,,,,,,,,,
1.375,0.31,4.6875,0,0.1961458333,,,,,,,,,,
1.375,0.13,4.5,-0.01,0.1962500000,,,,,,,,,,
1.3125,0.12,4.3125,0.03,0.1963541667,,,,,,,,,,
1.1875,0.09,4.125,0.01,0.1964583333,,,,,,,,,,
1.1875,0.22,3.9375,-0.02,0.1965625000,,,,,,,,,,
1.125,0.21,3.9375,-0.02,0.1966666667,,,,,,,,,,
1,0.08,3.5,0,0.1967708333,,,,,,,,,,
0.8125,0,3.25,0.03,0.1968750000,,,,,,,,,,
0.8125,-0.04,3.0625,-0.02,0.1969791667,,,,,,,,,,
0.75,-0.04,2.8125,-0.01,0.1970833333,,,,,,,,,,
0.625,-0.07,2.5625,-0.06,0.1971875000,,,,,,,,,,
0.4375,-0.07,2.5625,0.01,0.1972916667,,,,,,,,,,
0.375,-0.08,2.125,0,0.1973958333,,,,,,,,,,
0.25,-0.04,1.875,-0.01,0.1975000000,,,,,,,,,,
0.1875,-0.1,1.6875,0.01,0.1976041667,,,,,,,,,,
0.0625,-0.23,1.4375,0.01,0.1977083333,,,,,,,,,,
-0.0625,-0.32,1.4375,-0.03,0.1978125000,,,,,,,,,,
-0.125,-0.33,1,-0.05,0.1979166667,,,,,,,,,,
-0.1875,-0.5,1,0,0.1980208333,,,,,,,,,,
-0.3125,-0.33,0.8125,-0.02,0.1981250000,,,,,,,,,,
-0.4375,-0.39,0.625,-0.01,0.1982291667,,,,,,,,,,
-0.5625,-0.26,0.25,0.01,0.1983333333,,,,,,,,,,
-0.6875,-0.07,0.25,0.02,0.1984375000,,,,,,,,,,
-0.9375,-0.01,0.0625,0.03,0.1985416667,,,,,,,,,,
-0.9375,0.02,-0.0625,0.04,0.1986458333,,,,,,,,,,
-1.125,-0.05,-0.25,0.01,0.1987500000,,,,,,,,,,
-1.1875,-0.07,-0.5,-0.02,0.1988541667,,,,,,,,,,
-1.25,-0.04,-0.5,0.06,0.1989583333,,,,,,,,,,
-1.25,-0.03,-0.6875,-0.03,0.1990625000,,,,,,,,,,
-1.375,-0.15,-0.6875,-0.03,0.1991666667,,,,,,,,,,
-1.4375,-0.36,-0.75,-0.04,0.1992708333,,,,,,,,,,
-1.5,-0.48,-0.8125,0.01,0.1993750000,,,,,,,,,,
-1.5,-0.62,-0.875,0.02,0.1994791667,,,,,,,,,,
-1.5,-0.69,-0.875,0.03,0.1995833333,,,,,,,,,,
-1.5625,-0.64,-0.9375,-0.01,0.1996875000,,,,,,,,,,
-1.5625,-0.65,-0.9375,-0.01,0.1997916667,,,,,,,,,,
-1.625,-0.55,-0.875,0.03,0.1998958333,,,,,,,,,,
-1.6875,-0.68,-0.875,-0.01,0.2000000000,,,,,,,,,,
-1.75,-0.7,-0.8125,0.01,0.2001041667,,,,,,,,,,
-1.75,-0.63,-0.75,0.05,0.2002083333,,,,,,,,,,
-1.6875,-0.66,-0.6875,-0.03,0.2003125000,,,,,,,,,,
-1.75,-0.7,-0.625,-0.03,0.2004166667,,,,,,,,,,
-1.6875,-0.74,-0.5,0.01,0.2005208333,,,,,,,,,,
-1.6875,-0.71,-0.375,0.04,0.2006250000,,,,,,,,,,
-1.625,-0.53,-0.0625,-0.05,0.2007291667,,,,,,,,,,
-1.625,-0.58,-0.0625,0.04,0.2008333333,,,,,,,,,,
-1.5625,-0.52,0.0625,-0.03,0.2009375000,,,,,,,,,,
-1.5,-0.33,0.25,0.04,0.2010416667,,,,,,,,,,
-1.4375,-0.1,0.625,0.04,0.2011458333,,,,,,,,,,
-1.375,0.04,0.625,0,0.2012500000,,,,,,,,,,
-1.3125,0.02,0.8125,0.04,0.2013541667,,,,,,,,,,
-1.25,0.11,1,0,0.2014583333,,,,,,,,,,
-1.1875,0.12,1.25,0.02,0.2015625000,,,,,,,,,,
-1.0625,0.14,1.4375,0.03,0.2016666667,,,,,,,,,,
-0.9375,0.25,1.6875,-0.01,0.2017708333,,,,,,,,,,
-0.8125,0.29,1.875,0.07,0.2018750000,,,,,,,,,,
-0.75,0.4,2.125,-0.02,0.2019791667,,,,,,,,,,
-0.625,0.53,2.375,0.06,0.2020833333,,,,,,,,,,
-0.5625,0.73,2.5625,-0.02,0.2021875000,,,,,,,,,,
-0.4375,0.68,2.8125,-0.04,0.2022916667,,,,,,,,,,
-0.3125,0.61,3,-0.03,0.2023958333,,,,,,,,,,
-0.1875,0.58,3.25,0.02,0.2025000000,,,,,,,,,,
0,0.53,3.4375,-0.01,0.2026041667,,,,,,,,,,
0.0625,0.5,3.6875,0,0.2027083333,,,,,,,,,,
0.1875,0.56,3.875,-0.01,0.2028125000,,,,,,,,,,
0.25,0.38,4.0625,-0.02,0.2029166667,,,,,,,,,,
0.375,0.42,4.25,0.01,0.2030208333,,,,,,,,,,
0.5,0.22,4.4375,-0.01,0.2031250000,,,,,,,,,,
0.625,0.17,4.5625,0,0.2032291667,,,,,,,,,,
0.6875,0.14,4.6875,0.04,0.2033333333,,,,,,,,,,
0.8125,0.2,4.875,0.03,0.2034375000,,,,,,,,,,
0.875,0.25,5,0.02,0.2035416667,,,,,,,,,,
0.9375,0.26,5.125,-0.03,0.2036458333,,,,,,,,,,
1,0.22,5.1875,0.03,0.2037500000,,,,,,,,,,
1.125,0.29,5.3125,-0.01,0.2038541667,,,,,,,,,,
1.125,0.24,5.375,0,0.2039583333,,,,,,,,,,
1.1875,0.18,5.4375,-0.03,0.2040625000,,,,,,,,,,
1.1875,0.17,5.4375,0.04,0.2041666667,,,,,,,,,,
1.25,0.13,5.4375,-0.03,0.2042708333,,,,,,,,,,
1.3125,0.13,5.5,-0.03,0.2043750000,,,,,,,,,,
1.3125,0.23,5.4375,-0.02,0.2044791667,,,,,,,,,,
1.3125,0.24,5.4375,0.01,0.2045833333,,,,,,,,,,
1.3125,0.21,5.375,0.04,0.2046875000,,,,,,,,,,
1.3125,0.18,5.375,0,0.2047916667,,,,,,,,,,
1.375,0.35,5.25,0.07,0.2048958333,,,,,,,,,,
1.375,0.28,5.1875,0.01,0.2050000000,,,,,,,,,,
1.3125,0.39,5.0625,0.03,0.2051041667,,,,,,,,,,
1.3125,0.36,4.9375,-0.04,0.2052083333,,,,,,,,,,
1.25,0.19,4.8125,-0.01,0.2053125000,,,,,,,,,,
1.1875,0.1,4.6875,-0.02,0.2054166667,,,,,,,,,,
1.1875,0.18,4.5625,0.02,0.2055208333,,,,,,,,,,
1.125,0.18,4.375,0.02,0.2056250000,,,,,,,,,,
1,0.09,4.1875,-0.03,0.2057291667,,,,,,,,,,
0.875,0,4,-0.02,0.2058333333,,,,,,,,,,
0.8125,-0.05,3.8125,-0.01,0.2059375000,,,,,,,,,,
0.75,0,3.625,0.01,0.2060416667,,,,,,,,,,
0.6875,-0.04,3.375,0.03,0.2061458333,,,,,,,,,,
0.5625,-0.05,3.1875,0.04,0.2062500000,,,,,,,,,,
0.5,-0.04,2.9375,0.04,0.2063541667,,,,,,,,,,
0.4375,-0.05,2.75,-0.02,0.2064583333,,,,,,,,,,
0.3125,-0.07,2.5,0.02,0.2065625000,,,,,,,,,,
0.1875,0,2.3125,-0.01,0.2066666667,,,,,,,,,,
0.0625,-0.03,2.125,0.01,0.2067708333,,,,,,,,,,
0,-0.06,1.875,-0.03,0.2068750000,,,,,,,,,,
-0.125,-0.13,1.6875,-0.01,0.2069791667,,,,,,,,,,
-0.3125,-0.32,1.4375,-0.02,0.2070833333,,,,,,,,,,
-0.375,-0.2,1.25,0,0.2071875000,,,,,,,,,,
-0.4375,-0.08,1.0625,0,0.2072916667,,,,,,,,,,
-0.625,-0.03,0.875,-0.04,0.2073958333,,,,,,,,,,
-0.75,0,0.6875,0.03,0.2075000000,,,,,,,,,,
-0.875,-0.01,0.5,-0.02,0.2076041667,,,,,,,,,,
-0.9375,0,0.3125,-0.05,0.2077083333,,,,,,,,,,
-1,-0.06,0.1875,0,0.2078125000,,,,,,,,,,
-1.0625,0.02,0.0625,-0.03,0.2079166667,,,,,,,,,,
-1.125,-0.1,-0.0625,-0.01,0.2080208333,,,,,,,,,,
-1.25,-0.01,-0.1875,-0.01,0.2081250000,,,,,,,,,,
-1.3125,-0.05,-0.3125,-0.01,0.2082291667,,,,,,,,,,
-1.375,-0.11,-0.4375,-0.01,0.2083333333,,,,,,,,,,
-1.4375,-0.22,-0.5,0.04,0.2084375000,,,,,,,,,,
-1.5,-0.42,-0.5,0.02,0.2085416667,,,,,,,,,,
-1.5625,-0.52,-0.5625,0.05,0.2086458333,,,,,,,,,,
-1.5625,-0.64,-0.5625,0.01,0.2087500000,,,,,,,,,,
-1.625,-0.77,-0.5625,-0.06,0.2088541667,,,,,,,,,,
-1.625,-0.7,-0.5625,-0.01,0.2089583333,,,,,,,,,,
-1.625,-0.76,-0.5625,-0.06,0.2090625000,,,,,,,,,,
-1.6875,-0.73,-0.5,0.03,0.2091666667,,,,,,,,,,
-1.6875,-0.77,-0.5,0.02,0.2092708333,,,,,,,,,,
-1.6875,-0.63,-0.4375,-0.02,0.2093750000,,,,,,,,,,
-1.6875,-0.67,-0.3125,-0.04,0.2094791667,,,,,,,,,,
-1.6875,-0.72,-0.25,0.03,0.2095833333,,,,,,,,,,
-1.6875,-0.76,-0.125,0.04,0.2096875000,,,,,,,,,,
-1.625,-0.52,0,-0.06,0.2097916667,,,,,,,,,,
-1.625,-0.49,0.125,0.01,0.2098958333,,,,,,,,,,
-1.625,-0.52,0.3125,-0.04,0.2100000000,,,,,,,,,,
-1.5625,-0.42,0.4375,0,0.2101041667,,,,,,,,,,
-1.5,-0.42,0.625,0.03,0.2102083333,,,,,,,,,,
-1.4375,-0.27,0.8125,0.01,0.2103125000,,,,,,,,,,
-1.375,-0.13,1,0.08,0.2104166667,,,,,,,,,,
-1.25,-0.02,1.1875,-0.02,0.2105208333,,,,,,,,,,
-1.25,0.07,1.375,0.03,0.2106250000,,,,,,,,,,
-1.25,0.11,1.5625,0,0.2107291667,,,,,,,,,,
-1,,,,0.2108333333,,,,,,,,,,
,,,,0.2109375000,,,,,,,,,,
,,,,0.2110416667,,,,,,,,,,